,PlayerName
0,Dosedel S.
1,Clement A.
2,Escude N.
3,Knippschild J.
4,Fromberg R.
5,Arthurs W.
6,Grosjean S.
7,Balcells J.
8,Hewitt L.
9,Tebbutt M.
10,Martin A.
11,Draper S.
12,Petrovic D.
13,Pozzi G.
14,Stoltenberg J.
15,Goldstein P.
16,Enqvist T.
17,Lisnard J.
18,Sekulov J.
19,Norman M.
20,Vinck C.
21,Henman T.
22,Kumar S.
23,Behrend T.
24,Rochus C.
25,Delgado J.
26,Spottl M.
27,Hantschk M.
28,Kroslak J.
29,Ketola T.
30,Zib T.
31,Paes L.
32,Ram A.
33,Sanguinetti D.
34,Kilderry P.
35,Tabara M.
36,Ishii Y.
37,Vinciguerra A.
38,Agenor R.
39,Jonsson F.
40,Vanek J.
41,Manta L.
42,Golmard J.
43,Pioline C.
44,Damm M.
45,Bastl G.
46,Al-Alawi S.K.
47,Caratti C.
48,Arazi H.
49,El Aynaoui Y.
50,Luxa P.
51,Kiefer N.
52,Puerta M.
53,Santoro F.
54,Diaz J.
55,Schuettler R.
56,Siemerink J.
57,Tillstrom M.
58,Vicente F.
59,Gaudio G.
60,Marin J.A.
61,Squillari F.
62,Cherkasov A.
63,Schalken S.
64,Mirnyi M.
65,Chang M.
66,Federer R.
67,Gambill J.M.
68,Sargsian S.
69,Gustafsson M.
70,Tarango J.
71,Johansson T.
72,Berasategui A.
73,Bjorkman J.
74,Rosset M.
75,Ivanisevic G.
76,Sell M.
77,Woodruff C.
78,Ferrero J.C.
79,Novak J.
80,Kuerten G.
81,Hrbaty D.
82,Costa A.
83,Koubek S.
84,Lapentti N.
85,Safin M.
86,Martin T.
87,Vacek D.
88,Spadea V.
89,Corretja A.
90,Ilie A.
91,Voinea A.
92,Ljubicic I.
93,Alami K.
94,Alonso J.
95,Black W.
96,Boutter J.
97,Dupuis A.
98,Parmar A.
99,Ferreira W.
100,Motomura G.
101,Haas T.
102,Karbacher B.
103,Kafelnikov Y.
104,Canas G.
105,Medvedev A.
106,Llodra M.
107,Black B.
108,Mamiit C.
109,Philippoussis M.
110,O'Brien A.
111,Sampras P.
112,Blanco G.
113,Sluiter R.
114,Sirianni J.
115,Srichaphan P.
116,Tieleman L.
117,Lareau S.
118,Ullyett K.
119,Stanoytchev O.
120,Woodbridge T.
121,Mantilla F.
122,Agassi A.
123,Hill M.
124,Portas A.
125,Burgsmuller L.
126,Gross O.
127,Prinosil D.
128,Pavel A.
129,Raoux G.
130,Courier J.
131,Salzenstein J.
132,Gimelstob J.
133,Blake J.
134,Gumy H.
135,Rodriguez M.
136,Liukko V.
137,Woodforde M.
138,Massu N.
139,Larsson M.
140,MacPhie B.
141,Jensen L.
142,Pretzsch A.
143,Popp A.
144,Reneberg R.
145,Sa A.
146,Dewulf F.
147,Kucera K.
148,Wessels P.
149,Rusedski G.
150,Saulnier C.
151,Zabaleta M.
152,Chela J.I.
153,Etlis G.
154,Bruguera S.
155,Viloca J.A.
156,di Pasquale A.
157,Heuberger I.
158,Bryan M.
159,Clavet F.
160,Stark J.
161,Hipfl M.
162,van Lottum J.
163,Roddick A.
164,Rafter P.
165,Malisse X.
166,Calatrava A.
167,Calleri A.
168,Ulihrach B.
169,Alvarez E.
170,Hood M.
171,Gonzalez P.
172,Hadad M.
173,Prieto S.
174,Ondruska M.
175,Meligeni F.
176,Moya C.
177,Rios M.
178,Dent T.
179,Nalbandian D.
180,Ruud C.
181,Kratochvil M.
182,Fish M.
183,Kim K.
184,Harper-Griffith L.
185,Huet S.
186,Taino E.
187,Stoliarov A.
188,Lopez-Moron A.
189,Willems R.
190,Guardiola T.
191,Coutelot N.
192,Mota B.
193,Marques N.
194,Burrieza O.
195,Lopez F.
196,Gaudenzi A.
197,Krajicek R.
198,Navarro S.
199,Puentes G.
200,Coria G.
201,Browne F.
202,Delgado R.
203,Russell M.
204,Gonzalez F.
205,Goellner M.K.
206,Kohlmann M.
207,Humphries S.
208,Giner J.
209,Charpentier M.
210,Eschauer W.
211,Mahut N.
212,Serrano O.
213,Savolt A.
214,Trifu G.
215,Bryan B.
216,Cowan B.
217,Wheaton D.
218,Nestor D.
219,Lee M.
220,Landsberg J.
221,Boruszewski J.
222,van Scheppingen D.
223,Youzhny M.
224,Gaudi I.
225,Bower J.
226,Levy H.
227,Rochus O.
228,Voltchkov V.
229,Timfjord N.
230,Fleischfresser T.
231,Thomann N.
232,Godwin N.
233,Morrison J.
234,Garcia A.
235,Kempes E.
236,Filippini M.
237,Roitman S.
238,Davydenko N.
239,Hernych J.
240,Elsner D.
241,Zovko L.
242,Vajda I.
243,Sanchez D.
244,Martelli M.
245,Schranz W.
246,Carretero R.
247,Moretti H.
248,Fasching A.
249,Luzzi F.
250,Cabello F.
251,Costa F.
252,Mathieu P.H.
253,Roux L.
254,Malcor O.
255,Larose S.
256,King P.
257,Washington M.
258,Caldwell D.
259,Capalik K.
260,Kim A.
261,Kralert P.
262,Lee H.T.
263,Moldovan I.
264,Sabau R.
265,Pescariu D.
266,Erlich J.
267,Nargiso D.
268,Tarallo S.
269,Tong M.
270,Galimberti G.
271,Flygt K.
272,Iwabuchi S.
273,Suzuki T.
274,Onoda M.
275,Friedl L.
276,Zhu B.Q.
277,Robredo T.
278,Pless K.
279,Phau B.
280,Bachelot J.F
281,Palmer J.
282,Childs L.
283,Furlan R.
284,Froberg J.
285,Sarstrand M.
286,Ortegren J.
287,Jones A.
288,Bhupathi M.
289,Weiner G.
290,Schukin Y.
291,Fukarek O.
292,Horna L.
293,Simoni A.
294,Tobon M.
295,Hirigoyen I.
296,Behr N.
297,Settergren J.
298,Arquez P.
299,Acasuso J.
300,Tursunov D.
301,Hernandez A.
302,Eagle J.
303,Saretta F.
304,Vemic D.
305,Ginepri R.
306,Belal C.
307,Vacek J.
308,Couto E.
309,Sousa T.
310,Montanes A.
311,Labadze I.
312,Wassen R.
313,Melo D.
314,Traykov I.
315,Andersen J.F.
316,Galvani S.
317,Kauffmann C.
318,Okun N.
319,Carlsen K.
320,Allegro Y.
321,Elseneer G.
322,Hilton M.
323,Yoon Y.
324,Knowle J.
325,Vlasov D.
326,Radic M.
327,Norman D.
328,Mutis O.
329,Lopez M.
330,Herm-Zahlava J.
331,Bozic I.
332,Kutsenko V.
333,Schiessling T.
334,Marach O.
335,Armando H.
336,Pfeiffer K.
337,Stepanek R.
338,Fleishman Z.
339,Harsanyi P.
340,Joyce M.
341,Peya A.
342,Bogomolov Jr.A.
343,Brasington J.
344,Ramirez Hidalgo R.
345,Alves T.
346,Mello R.
347,Oncins J.
348,Ogorodov O.
349,Karlovic I.
350,Jiang S.
351,Wang Y.
352,Terachi T.
353,Hui J.
354,Garcia-Sintes J.
355,Volandri F.
356,Zimonjic N.
357,Kondo H.
358,Thomas J.
359,Udomchoke D.
360,Benneteau J.
361,Melzer J.
362,Elgin M.
363,Nieminen J.
364,Soderling R.
365,Dupre T.
366,Reid T.
367,Larkham T.
368,Patience O.
369,Carraz G.
370,Ascione T.
371,Silva J.
372,Massa E.
373,Bahrouzyan O.
374,Mazarakis V.
375,Verkerk M.
376,Ancic M.
377,El Aarej M.
378,Matias N.
379,Ferrer D.
380,Gasquet R.
381,Krajan Z.
382,Marin L.
383,Nadal-Parera R.
384,Kohlschreiber P.
385,de Chaunac S.
386,Hadad A.
387,Perez D.
388,Vassallo-Arguello M.
389,Miranda I.
390,Dreekmann H.
391,Bogdanovic A.
392,Moodie W.
393,Muller G.
394,Ivanov-Smolensky K.
395,Cadart R.
396,Mackin A.
397,Waske A.
398,Vahaly B.
399,Prpic F.
400,Fraile G.
401,Hanescu V.
402,Todero N.
403,Blake T.
404,Ellwood B.
405,Dancevic F.
406,Agaev E.
407,Boeker M.
408,Saoudi S.
409,Kunitcin I.
410,Craca M.
411,Abel M.
412,Shvec A.
413,Johansson J.
414,Beck K.
415,Vliegen K.
416,Bopanna R.
417,Lisnard J.R.
418,Varlet J.
419,Amritraj P.
420,Van Lottum J.
421,Rea S.
422,Luczak P.
423,Crabb J.
424,Bogomolov Jr. A.
425,Gambill J. M.
426,Gamonal H.
427,Peralta J.
428,Daniel M.
429,Prodon E.
430,Baker B.
431,Marin J.A
432,Di Pasquale A.
433,Kendrick R.
434,Gooding J.
435,Lapentti G.
436,Verdasco F.
437,Tahiri M.
438,Lopes H.
439,Nadal R.
440,Cermak F.
441,Garcia-Lopez G.
442,Kunitsyn I.
443,Mathieu P.
444,Schuettler P.
445,Scherrer J.C.
446,de Voest R.
447,Moser F.
448,Hemmes F.
449,Petzschner P.
450,Baccanello P.
451,Mertinak M.
452,Bloomfield R.
453,Niemeyer F.
454,Rehnquist B.
455,Lammer M.
456,Guccione C.
457,Hernandez O.
458,Levinsky J.
459,Wawrinka S.
460,Starace P.
461,Levine I.
462,Behrmann M.
463,Reynolds B.
464,Delic A.
465,Ayala D.
466,Neumuller I.
467,Vik R.
468,Koellerer D.
469,Karanusic R.
470,Tuksar S.
471,Yim R.
472,Golovanov D.
473,Matkowski M.
474,Dabrowski B.
475,MacLagan M.
476,Youzhny A.
477,Ramirez-Hidalgo R.
478,Berdych T.
479,Capdeville P.
480,Moraru G.
481,Chiudinelli M.
482,Ratiwatana S.
483,di Mauro A.
484,Veronelli D.
485,Tenconi T.
486,Andreev I.
487,Aldi F.
488,Almagro N.
489,Iwami T.
490,Scherrer J.
491,Ferrero J.
492,Mankad H.
493,Rastogi K.
494,Khalfan S.
495,Kucera V.
496,Bogomolov A.
497,Santopadre V.
498,Seppi A.
499,Bracciali D.
500,Bohli S.
501,Hippensteel K.
502,Monaco J.
503,Cakl T.
504,Mayer F.
505,Gallardo M.
506,Dell'Acqua M.
507,Marcaccio G.
508,Tavares L.
509,Robert S.
510,Devilder N.
511,Pashanski B.
512,Kindlmann D.
513,Pescosolido S.
514,Vagnozzi S.
515,Ventura S.
516,Serra F.
517,Jeanpierre J.
518,Tipsarevic J.
519,Haehnel J.
520,Falla A.
521,Marray J.
522,Flanagan I.
523,Ancic I.
524,Fitz S.
525,Navarro-Pastor I.
526,Lu Y.H.
527,Hellstrom M.
528,Gabashvili T.
529,Verdasco M.
530,Eleskovic E.
531,van Gemerden M.
532,Przysiezny M.
533,Cook L.
534,Guzman J.P.
535,Beck A.
536,Ram R.
537,Ager J.
538,Minar I.
539,Djokovic N.
540,Urban F.
541,Kubot L.
542,Baghdatis M.
543,Jenkins S.
544,Benneteau A.
545,Odesnik W.
546,Healey N.
547,Tsonga J.W.
548,Lu H.
549,Ionita V.
550,Bohane A.
551,Widom T.
552,Gimeno-Traver D.
553,Zeng S.X.
554,Roger-Vasselin E.
555,Simon G.
556,Gicquel M.
557,Monfils G.
558,Stakhovsky S.
559,Ryderstedt M.
560,Nielsen M.
561,Bourgeois L.
562,Kimmich M.
563,Nunez E.
564,Sun P.
565,Vico U.
566,Parada F.
567,Wang Y.T.
568,Dailey Z.
569,Minar J.
570,Tecau H.
571,Evans B.
572,Berrer M.
573,Machado R.
574,Sela D.
575,Dlouhy L.
576,Murray A.
577,Klein T.
578,Goodall J.
579,Sherwood D.
580,Summerer T.
581,Oudsema S.
582,Wilson B.
583,Mergea F.
584,Korteling S.
585,Lu Y.
586,Brzezicki J.P.
587,Thron A.
588,Bozoljac I.
589,Fyrstenberg M.
590,Chadaj A.
591,Smeets R.
592,Clayton A.
593,Bester P.
594,Young D.
595,Gregorc L.
596,Matsui T.
597,Wang Y. Jr
598,Gremelmayr D.
599,Chen T.
600,Do M.Q.
601,Greul S.
602,Naso G.
603,Sanchez de Luna J.A.
604,Fognini F.
605,Ittogi T.
606,Soeda G.
607,Ledovskikh M.
608,Davletshin V.
609,Junaid R.
610,King-Turner D.
611,Berlocq C.
612,Snobel P.
613,Faurel J.C.
614,Del Potro J.M.
615,Aguilar J.
616,Cuadrado C.
617,Cilic M.
618,Korolev E.
619,Querry S.
620,Rettenmaier T.
621,Warburg S.
622,Ghem A.
623,Van der Dium A.
624,Gallardo Valles M.
625,Kuznetsov A.
626,Burniol G.
627,Balleret B.
628,Klec I.
629,Salva B.
630,Ouahab L.
631,Peric T.
632,Gil F.
633,Chela J.
634,Popp T.
635,Hartfield D.
636,Chardy J.
637,Montcourt M.
638,Baker J.
639,Haase R.
640,Qureshi A.
641,Zverev M.
642,Becker B.
643,Al Ghareeb M.
644,Kutac R.
645,Whitehouse W.
646,Sijsling I.
647,Darcis S.
648,De Bakker T.
649,Gonzalez S.
650,Querrey S.
651,Rieschick S.
652,Junqueira D.
653,Patriarca D.
654,Sandbichler A.
655,Azzaro L.
656,Haider-Mauer A.
657,Cipolla F.
658,Ianni S.
659,Sweeting R.
660,Stoppini A.
661,Polansky P.
662,Hajek J.
663,Simmonds P.
664,Dolgopolov A.
665,Crivoi V.
666,Economidis K.
667, Hajek J.
668,Clemens T.
669,Chaen T.
670,Troicki V.
671,Istomin D.
672,Fish A.
673,Eitzinger R.
674,Reister J.
675,Gulbis E.
676,Robredo R.
677,Jun W.
678,Levine J.
679,Schwank E.
680,Huta Galung J.
681,Witten J.
682,Bolelli S.
683,Andujar P.
684,Gensse A.
685,Granollers M.
686,Dustov F.
687,Chaki R.
688,Sousa P.
689,Brands D.
690,Bachinger M.
691,Eysseric J.
692,Recouderc L.
693,Giraldo S.
694,Tveit E.
695,Isner J.
696,Nishikori K.
697,Lacko L.
698,Fischer M.
699,Gonzalez M.
700,Riba P.
701,Olejniczak D.
702,Klizan M.
703,Cuevas P.
704,McClune M.
705,Echagaray B.
706,Yu X.Y.
707,Gard C.
708,Meffert D.
709,Lindahl N.
710,Stadler S.
711,Singh N.
712,Dev Varman S.
713,Guez D.
714,Nam H.W.
715,Matsukevitch D.
716,Golubev A.
717,Chekov P.
718,Kudryavtsev A.
719,Dorsch B.
720,Statham R.
721,Rosol L.
722,Slanar M.
723,Podlipnik H.
724,Marrero D.
725,Munoz de la Nava D.
726,Decoud S.
727,Bowles C.
728,Crugnola M.
729,Bellucci T.
730,Smyczek T.
731,Skugor F.
732,Kavcic B.
733,Anderson K.
734,Elias G.
735,Harrison R.
736,Kukushkin M.
737,Marrai M.
738,Trujillo G.
739,Del Potro J.
740,Sidorenko A.
741,Fabbiano T.
742,Sanchez De Luna J.
743,Lopez-Jaen M.A.
744,De Voest R.
745,Berankis R.
746,Dimitrov G.
747,Ward J.
748,Nielsen F.
749,Slabinsky A.
750,Groth S.
751,Kamke T.
752,Van der Merwe I.
753,Eaton C.
754,Goransson T.
755,Ouanna J.
756,Dabul B.
757,Brizzi A.
758,Jun W.S.
759,Oswald P.
760,Mayer L.
761,Belic L.
762,Yani M.
763,Ignatik U.
764,Ball C.
765,Krajicek A.
766,Cruciat A.
767,Qureshi A.U.H.
768,Xu J.C.
769,Jouan R.
770,Mannarino A.
771,Ito Y.
772,Ito T.
773,Lejnieks K.
774,Tomic B.
775,Devvarman S.
776,Statham J.
777,Klein B.
778,Klaasen R.
779,Dodig I.
780,Mektic N.
781,Silva D.
782,Munoz de La Nava D.
783,Ferreiro F.
784,Janowicz J.
785,Riba-Madrid P.
786,Hocevar R.
787,Rufin G.
788,Fleming C.
789,Zemlja G.
790,Zeballos H.
791,Britton D.
792,De Chaunac S.
793,Agostinelli B.
794,Ilhan M.
795,Valent R.
796,Marchenko I.
797,Millot V.
798,Vovk S.
799,Luncanu P.A.
800,Dolgopolov O.
801,Haider-Maurer A.
802,Karlovic I. 
803,Seppi A. 
804,Rochus O. 
805,Stepanek R. 
806,Luczak P. 
807,Chiudinelli M. 
808,Bolelli S. 
809,Troicki V. 
810,Beck A. 
811,Nieminen J. 
812,Koellerer D. 
813,Cilic M. 
814,Zeballos H. 
815,Chardy J. 
816,Ljubicic I. 
817,Isner J. 
818,Serra F. 
819,Federer R. 
820,Lammer M. 
821,Korolev E. 
822,Hernych J. 
823,Wawrinka S. 
824,Djokovic N. 
825,Gasquet R. 
826,Montanes A. 
827,Mathieu P.H. 
828,Garcia-Lopez G. 
829,Falla A. 
830,Simon G. 
831,Granollers M. 
832,Monaco J. 
833,Almagro N. 
834,Mayer L. 
835,Ferrero J.C. 
836,Murray A. 
837,Rochus C. 
838,Tipsarevic J. 
839,Martin A. 
840,Monfils G. 
841,Youzhny M. 
842,Robredo T. 
843,Verdasco F. 
844,Davydenko N. 
845,Millman J.
846,Ebden M.
847,Yang T.H.
848,Sorensen L.
849,Lemke J.
850,Cervantes I.
851,Veic A.
852,Lorenzi P.
853,Brown D.
854,Aranguren J.M.
855,Saavedra Corvalan C.
856,Souza J.
857,Bemelmans R.
858,Jelenic P.
859,Poerschke L.
860,Mertens Y.
861,Matosevic M.
862,Krajinovic F.
863,El Amrani R.
864,Niland C.
865,Ramos-Vinolas A.
866,Donskoy E.
867,Gojowczyk P.
868,Munoz-De La Nava D.
869,Mina G.
870,Emmrich M.
871,Alcaide G.
872,Kudla D.
873,Marti Y.
874,Velotti A.
875,Johnson S.
876,Melzer G.
877,Raonic M.
878,Duclos P.L.
879,Paire B.
880,Sock J.
881,Copil M.
882,Ungur A.
883,Del Bonis F.
884,Kravchuk K.
885,Gong M.X.
886,Bai Y.
887,Bautista R.
888,Sugita Y.
889,Goffin D.
890,Sabry S.
891,Bubka S.
892,Venus M.
893,Scholtz N.
894,Van Der Merwe I.
895,Rios F.
896,Pospisil J.
897,Lajovic D.
898,Clezar G.
899,Dutra Silva R.
900,Kuznetsov Al.
901,Borvanov R.
902,Schoorel T.
903,Garza D.
904,Awadhy O.
905,Granollers Pujol G.
906,Kuznetsov An.
907,Ramos A.
908,Sousa J.
909,Teixeira M.
910,Marti J.
911,Golding O.
912,Cox D.
913,De Schepper K.
914,Wang J.
915,Lindell C.
916,Olaso G.
917,Cervenak P.
918,Kern R.
919,Stebe C.M.
920,Knittel B.
921,Kosakowski D.
922,Thiem D.
923,Muster T.
924,Sitak A.
925,Chvojka E.
926,Pospisil V.
927,Dasnieres de Veigy J.
928,Jaziri M.
929,Dutra Da Silva R.
930,Giannessi A.
931,Rodrigues M.
932,Renavand N.
933,Wu D.
934,Li Z.
935,Zhang Z.
936,Zopp J.
937,Duckworth J.
938,Vardhan V.
939,Bhambri Y.
940,Viola Mat.
941,Van D. Merwe I.
942,Marcan D.
943,Lajola D.
944,Kutrovsky D.
945,Bagnis F.
946,Olivetti A.
947,Cabal J.S.
948,Djokovic M.
949,Williams R.
950,Delbonis F.
951,Ziadi M.
952,Idmbarek Y.
953,Gutierrez-Ferrol S.
954,Brugues-Davi A.
955,Balazs A.
956,Farah R.
957,Menendez-Maceiras A.
958,Bedene A.
959,Trungelliti M.
960,Ehrat S.
961,Mcclune M.
962,Klahn B.
963,Novikov D.
964,Reix C.
965,Betov S.
966,Fidirko N.
967,Siriluethaiwattana P.
968,Deen Heshaam A.
969,Singh S.
970,Rosenholm P.
971,Laaksonen H.
972,Mitchell B.
973,Stebe C-M.
974,Zayed M. S.
975,Safwat M.
976,Saville L.
977,Pella G.
978,Weintraub A.
979,Pouille L.
980,Alund M.
981,Viola M.
982,Veger F.
983,Reyes-Varela M.A.
984,Ramirez C.
985,Schwartzman D.
986,Rachidi Y.
987,Carreno-Busta P.
988,Granollers G.
989,Carballes Baena R.
990,Struff J.L.
991,Krawietz K.
992,Ghedin R.
993,Basic M.
994,Evans D.
995,Edmund K.
996,Ymer E.
997,Pavic A.
998,Bossel A.
999,Salamanca C.
1000,Estrella Burgos V.
1001,Barrientos N.
1002,Struvay E.
1003,Gomez E.
1004,King K.
1005,Harrison C.
1006,Topic J.
1007,Coric B.
1008,Setkic A.
1009,Novak D.
1010,Peliwo F.
1011,Bogaerts R.
1012,Herbert P.H.
1013,Fucsovics M.
1014,Vesely J.
1015,Karatsev A.
1016,Inglot D.
1017,Biryukov M.
1018,Djere L.
1019,Khachanov K.
1020,Langer N.
1021,Mecir M.
1022,Nedovyesov A.
1023,Kokkinakis T.
1024,Kyrgios N.
1025,Dzumhur D.
1026,Gonzalez A.
1027,Daniel T.
1028,Lama G.
1029,Hank T.
1030,Smith J.P.
1031,Khaddari H.
1032,Arguello F.
1033,Albot R.
1034,Travaglia S.
1035,Cecchinato M.
1036,Milojevic N.
1037,Delic M.
1038,Kubler J.
1039,Michon A.
1040,Pavic M.
1041,Rola B.
1042,Coppejans K.
1043,Smethurst D.
1044,Puetz T.
1045,Eriksson M.
1046,Olivo R.
1047,Thompson C.
1048,Zverev A.
1049,Londero J.I.
1050,Diez S.
1051,Tiafoe F.
1052,Schnur B.
1053,Buchanan C.
1054,Mcgee J.
1055,Rubin N.
1056,Donaldson J.
1057,Takeuchi K.
1058,Burquier G.
1059,Gao X.
1060,Ouyang B.
1061,Gerasimov E.
1062,Wang C.
1063,Baluda V.
1064,Gombos N.
1065,Prashanth V.
1066,Ramanathan R.
1067,Basilashvili N.
1068,Thompson J.
1069,Lokoli L.
1070,Moriya H.
1071,Vanni L.
1072,Jarry N.
1073,Androic T.
1074,Kozlov S.
1075,Rublev A.
1076,Molteni A.
1077,Andreozzi G.
1078,Chung H.
1079,De Greef A.
1080,Munar J.
1081,Silva F.
1082,Ilkel C.
1083,Trinker B.
1084,Donati M.
1085,Gaio F.
1086,Arnaboldi A.
1087,Hamou M.
1088,Nishioka Y.
1089,Gigounon G.
1090,Broady L.
1091,Demoliner M.
1092,Sarkissian A.
1093,Galan D.E.
1094,Hemery C.
1095,King D.
1096,Fratangelo B.
1097,Herbert P.H
1098,Shane R.
1099,Shyla Y.
1100,Uchiyama Y.
1101,Zhang Ze
1102,Zhang Zh.
1103,Ymer M.
1104,Marterer M.
1105,Miedler L.
1106,Kovalik J.
1107,Zayid M. S.
1108,Halys Q.
1109,Jasika O.
1110,Escobar G.
1111,Lazov A.
1112,Fritz T.
1113,Paul T.
1114,Monteiro T.
1115,Opelka R.
1116,Munoz De La Nava D.
1117,Carreno Busta P.
1118,Bautista Agut R.
1119,Cachin P.
1120,Caruso S.
1121,Garin C.
1122,Ortega-Olmedo R.
1123,Medvedev D.
1124,Pavlasek A.
1125,Samper-Montana J.
1126,Barrere G.
1127,Bourgue M.
1128,Escobedo E.
1129,Ward A.
1130,Lamasine T.
1131,Barton M.
1132,Willis M.
1133,Arvidsson I.
1134,Simonsson F.
1135,Kicker N.
1136,Bellier A.
1137,Mertl J.
1138,Linzer M.
1139,Lopez-Perez E.
1140,Shapovalov D.
1141,Eubanks C.
1142,Van Rijthoven T.
1143,Mcdonald M.
1144,Myneni S.
1145,Mmoh M.
1146,Satral J.
1147,Whittington A.
1148,Maden Y.
1149,Bublik A.
1150,Zayid M.S.
1151,O'Connell C.
1152,De Minaur A.
1153,Tepavac M.
1154,Griekspoor T.
1155,Tsitsipas S.
1156,Santillan A.
1157,Ahouda A.
1158,Quinzi G.
1159,Domingues J.
1160,Masur D.
1161,Hanfmann Y.
1162,Altmaier D.
1163,Marcora R.
1164,Sandgren T.
1165,Napolitano S.
1166,Del Potro J. M.
1167,Jung J.
1168,Norrie C.
1169,Harris L.
1170,Ofner S.
1171,Krueger M.
1172,Polmans M.
1173,Zekic M.
1174,Giustino L.
1175,Sakharov G.
1176,Hernandez-Fernandez J.
1177,Sanchez M.
1178,King E.
1179,Bangoura S.
1180,Bolt A.
1181,Koepfer D.
1182,Aragone J.
1183,Kwiatkowski T.S.
1184,Kypson P.
1185,Safranek V.
1186,Tyurnev E.
1187,Wu Y.
1188,Kuhn N.
1189,Berrettini M.
1190,Nagal S.
1191,Ojeda Lara R.
1192,Caruana L.
1193,Popyrin A.
1194,Vukic A.
1195,Taberner C.
1196,Quiroz R.
1197,Moutet C.
1198,Kuzmanov D.
1199,Andreev A.
1200,Korda S.
1201,Auger-Aliassime F.
1202,Gaston H.
1203,Ivashka I.
1204,Gomez L.
1205,Kecmanovic M.
1206,Vatutin A.
1207,Sonego L.
1208,Piros Z.
1209,Baldi F.
1210,Zapata Miralles B.
1211,Coria F.
1212,Horansky F.
1213,Janvier M.
1214,Hurkacz H.
1215,Purcell M.
1216,Molleker R.
1217,Clarke J.
1218,Kolar Z.
1219,Serdarusic N.
1220,Gunneswaran P.
1221,Roca Batalla O.
1222,Galovic V.
1223,Huesler M.A.
1224,Garanganga T.
1225,Giron M.
1226,Watanuki Y.
1227,Humbert U.
1228,Brooksby J.
1229,Tseng C.H.
1230,Karlovskiy E.
1231,Otte O.
1232,Hoang A.
1233,Dellien H.
1234,Lestienne C.
1235,Lopez Villasenor G.
1236,Sakamoto P.
1237,Martinez P.
1238,Krstin P.
1239,Catarina L.
1240,Sinner J.
1241,Davidovich Fokina A.
1242,Muller A.
1243,Benchetrit E.
1244,Rodionov J.
1245,Aragone JC
1246,Celikbilek A.
1247,Majchrzak K.
1248,Kwon S.W.
1249,Torpegaard M.
1250,Sarmiento R.
1251,Lee D.H.
1252,Lenz J.
1253,Zhang Ze.
1254,Kachmazov A.
1255,Mager G.
1256,Tsitsipas S. 
1257,Nadal R. 
1258,Zverev A. 
1259,Berrettini M. 
1260,Medvedev D. 
1261,Harris A.
1262,Ficovich J.P.
1263,Ruusuvuori E.
1264,Couacaud E.
1265,Nakashima B.
1266,Seyboth Wild T.
1267,Alcaraz C.
1268,Musetti L.
1269,Tabilo A.
1270,Wolf J.J.
1271,Cressy M.
1272,Blanch U.
1273,Rinderknech A.
1274,Mayot H.
1275,Galan D.
1276,Zeppieri G.
1277,Pellegrino A.
1278,Safiullin R.
1279,Bergs Z.
1280,Sachko V.
1281,Bonzi B.
1282,Forejtek J.
1283,Zuk K.
1284,Molcan A.
1285,Vrbensky M.
1286,Sweeny D.
1287,Vilella Martinez M.
1288,Fancutt T.
1289,Van De Zandschulp B.
1290,Mott B.
1291,Ferreira Silva F.
1292,O Connell C.
1293,Etcheverry T.
1294,Cerundolo F.
1295,Barrios M.
1296,Cerundolo J.M.
1297,Mochizuki S.
1298,Varillas J. P.
1299,Baez S.
1300,Rune H.
1301,Nava E.
1302,Borges N.
1303,Moraing M.
1304,Cazaux A.
1305,Stricker D.
1306,Draper J.
1307,Gray A.
1308,Klein L.
1309,Nikles J.
1310,Riedi L.
1311,Kopriva V.
1312,Mejia N.
1313,Ajdukovic D.
1314,Erler A.
1315,Riffice S.
1316,Svajda Z.
1317,Skatov T.
1318,Holmgren A.
1319,Gojo B.
1320,Tiurnev E.
1321,Vavassori A.
1322,Durasovic V.
1323,Hijikata R.
1324,Lehecka J.
1325,Machac T.
1326,Moroni G.M.
1327,Grenier H.
1328,Meligeni Rodrigues F
1329,Pucinelli de Almeida M.
1330,Shang J.
1331,Brouwer G.
1332,Kotov P.
1333,Guinard M.
1334,Medjedovic H.
1335,Gimeno Valero C.
1336,Passaro F.
1337,Arnaldi M.
1338,Ugo Carabelli C.
1339,Rodriguez Taverna S.
1340,Agamenone F.
1341,Jubb P.
1342,Peniston R.
1343,Ritschard A.
1344,Nardi L.
1345,Misolic F.
1346,Casanova H.
1347,Chappell N.
1348,Villanueva G.
1349,Shelton B.
1350,Tien L.
1351,Holt B.
1352,Furness E.
1353,Mena F.
1354,Kovacevic A.
1355,Uchida K.
1356,Blancaneaux G.
1357,Lazarov A.
1358,Oliel Y.
1359,Shevchenko A.
1360,Shimabukuro S.
1361,Maestrelli F.
1362,Cobolli F.
1363,De Jong J.
1364,Van Assche L.
1365,Geerts M.
1366,Mukund S.
1367,Svrcina D.
1368,Krutykh O.
1369,Hsu Y.
1370,Darderi L.
1371,Rybakov A.
1372,Tseng C. H.
1373,Fils A.
1374,Chidekh C.
1375,Wu T.L.
1376,Pecotic M.
1377,Shelbayh A.
1378,Fonseca J.
1379,Alves M.
1380,Pacheco Mendez R.
1381,Berrettini J.
1382,Bonadio R.
1383,Varillas J.P.
1384,Meligeni Alves F.
1385,Rocha H.
1386,Lalami Laaroussi Y.
1387,Vacherot V.
1388,Gakhov I.
1389,Rincon D.
1390,Rehberg M.
1391,Marozsan F.
1392,Lopez San Martin A.
1393,Diaz Acosta F.
1394,Tirante T.A.
1395,Mpetshi G.
1396,Olivieri G.
1397,Tu L.
1398,Loffhagen G.
1399,Choinski J.
1400,Borg L.
1401,Virtanen O.
1402,Michelsen A.
1403,Quinn E.
1404,Diallo G.
1405,Chung Y.
1406,Prizmic D.
1407,Landaluce M.
1408,Mansouri S.
1409,Pannu K.
1410,Kirchheimer S.
1411,Mensik J.
1412,Moreno De Alboran N.
1413,Mu T.
1414,Cui J.
1415,Sekulic P.
1416,Li Zh.
1417,Mo Y.
1418,Te R.
1419,Yevseyev D.
1420,Zhukayev B.
1421,Atmane T.
1422,Lajal M.
1423,Friberg K.
1424,Hassan B.
1425,Martineau M.
1426,Valkusz M.
1427,Harris B.
1428,Walton A.
1429,Escoffier A.
1430,Llamas Ruiz P.
1431,Navone M.
1432,Burruchaga R.
1433,Neff A.
1434,Comesana F.
1435,Hong S.
1436,Blanch D.
1437,Jorda Sanchis D.
1438,Moro Canas A.
1439,Topo M.
1440,Gigante M.
1441,Sanchez Izquierdo N.
1442,Squire H.
1443,Heide G.
1444,Schoolkate T.
1445,Fearnley J.
1446,Mccabe J.
1447,Hussey G.
1448,Broom C.
1449,Fery A.
1450,Bellucci M.
1451,Searle H.
1452,Faria J.
1453,Droguet T.
1454,Hardt N.
1455,Wong C.
1456,Collarini A.
1457,Neumayer L.
1458,Dodig M.
1459,Spizzirri E.
1460,Forbes M.
1461,Zhou Y.
1462,Gomez F.
1463,Bu Y.
1464,Engel J.
1465,Blockx A.
1466,Kym J.
1467,Schwaerzler J.
1468,Djuric B.
1469,Basavareddy N.
1470,Becroft I.
1471,Onclin G.
1472,Dougaz A.
1473,Svajda T.
1474,McDonald M.
1475,Collignon R.
1476,Gea A.
1477,Herbert P.
1478,Sanchez J.
1479,Kulti N.
1480,Stafford G.
1481,Knowles M.
1482,Szymanski J.
1483,Cortes J.
1484,Wiltschnig H.
1485,Garcia M.
1486,Fahlke A.
1487,Witt A.
1488,Braasch K.
1489,Arnold L.
1490,Tiilikainen K.
1491,Miketa D.
1492,Peschek D.
1493,Trimmel C.
1494,Vasek R.
1495,Cobolli S.
1496,Tramacchi P.
1497,Mor L.
1498,Miyao J.
1499,Mlynarik Z.
1500,Zhang Y.
1501,Kornienko I.
1502,Freelove O.
1503,Milligan L.
1504,Smith L.
1505,Syed F.
1506,Breen M.
1507,Perry T.
1508,Svarc L.
1509,Moyano D.
1510,Koll H.
1511,Navarra M.
1512,Derepasko A.
1513,Tkalec M.
1514,Peppas S.
1515,Tomashevich D.
1516,Koenig R.
1517,Shimada T.
1518,Zitko R.
1519,Al Khulaifi N.G.
1520,Willman D.
1521,Hormazabal G.
1522,Olguin L.
1523,Albert M.
1524,Coetzee J.
1525,Kennedy A.
1526,Hanley P.
1527,Lukaev R.
1528,Bohaboy D.
1529,Hantschek M.
1530,Durek R.
1531,Henry R.
1532,Norby R.
1533,Ouahabi T.
1534,Rocha D.
1535,Srichaphan N.
1536,Weinzierl J.
1537,Delfino M.
1538,Koderisch C.
1539,Logtens P.
1540,Andersson H.
1541,Prpic A.
1542,Quintero M.
1543,Ascione A.
1544,Andersen J.
1545,Reichel A.
1546,Braga P.
1547,Phillips T.
1548,Matos-Gil I.
1549,van der Meer N.
1550,Gimeno D.
1551,Pedroso A.
1552,Gruber K.
1553,Rascon T.
1554,Abdulla M.
1555,Harboe P.
1556,Fogues F.
1557,Condor F.
1558,Mirnegg M.
1559,Uebel L.
1560,Steckley R.
1561,Fruttero J.P.
1562,Kirillov E.
1563,Uppal V.
1564,Sultan-Khalfan A.
1565,Adaktusson J.
1566,Granollers-Pujol M.
1567,Luque D.
1568,Roshardt R.
1569,Vicente M.
1570,Panfil G.
1571,Wang Y.Jr.
1572,Smit J.
1573,Auckland J.
1574,Schuttler P.
1575,Fornell M.
1576,Stepanek M.
1577,Koning M.
1578,Guzman J.
1579,Guccione A.
1580,Ruevski P.
1581,Martin D.
1582,Raja P.
1583,Jones G.D.
1584,Jones G.
1585,Rodriguez B.
1586,Al-Ghareeb M.
1587,Lipsky S.
1588,Middelkoop M.
1589,Kim K
1590,O'Neal J.
1591,Piccari F.
1592,Estrella V.
1593,De Heart R.
1594,Ebelthite C.
1595,Anderson A.
1596,Zampieri C.
1597,Zlatanovic A.
1598,Kloer S.
1599,Wachiramanowong K.
1600,Kontinen H.
1601,Bohli S. 
1602,Schuettler R. 
1603,Kohlschreiber P. 
1604,Becker B. 
1605,Benneteau J. 
1606,Petzschner P. 
1607,Blake J. 
1608,Gonzalez F. 
1609,Bautista R. 
1610,Berdych T. 
1611,Greul S. 
1612,Kunitsyn I. 
1613,Vassallo-Arguello M. 
1614,Ferrer D. 
1615,Andreev I. 
1616,Cuevas P. 
1617,Gimeno-Traver D. 
1618,Hanescu V. 
1619,Lopez F. 
1620,Maamoun K.
1621,Sergeyev I.
1622,Wolmarans F.
1623,Im K.T.
1624,Deheart R.
1625,Di Mauro A.
1626,Sadecky A.
1627,Lojda D.
1628,Belyaev I.
1629,Romboli F.
1630,Galdon P.
1631,Kumantsov A.
1632,Granollers-Pujol G.
1633,Walter L.
1634,Grigelis L.
1635,Torebko P.
1636,Nedelko I.
1637,Mesaros K.
1638,Strode B.
1639,Gomez-Herrera C.
1640,Trusendi W.
1641,Meister N.
1642,Authom M.
1643,Vasilevski A.
1644,Davydenko P.
1645,Desein N.
1646,Corrie E.
1647,Reid M.
1648,Westerhof B.
1649,Trongcharoenchaikul W.
1650,Jeong S.Y.
1651,Nedovyesov O.
1652,Sekulic M.
1653,Nedunchezhiyan J.
1654,Hossam K.
1655,Struff J-L.
1656,Artunedo Martinavarro A.
1657,Ciorcila P.
1658,Vaisse M.
1659,Pasha N.
1660,De Paula F.
1661,Kohlschreiber P..
1662,Herbert P-H.
1663,Quigley E.
1664,Martin F.
1665,Vega Hernandez D.
1666,Gomez A.
1667,Trevisan M.
1668,Niki T.
1669,Anderson O.
1670,Tearney F.
1671,Patino L.
1672,Soderlund C.
1673,Cacic N.
1674,De Loore J.
1675,Yuksel A.
1676,Luz O.
1677,Silva F.F.
1678,Bellotti R.
1679,Halebian A.
1680,Leshem E.
1681,Bega A.
1682,Chrysochos P.
1683,Takahashi Y.
1684,Kadhe A.
1685,Donski A.
1686,Hernandez-Fernandez J
1687,Reinberg E.
1688,Arevalo M.
1689,Altamirano C.
1690,Basso A.
1691,Kirkin E.
1692,Moroni G.
1693,Monteiro J.
1694,Roumane R.
1695,Dubrivnyy A.
1696,Avidzba A.
1697,Thiem D. 
1698,Barrios Vera M.T.
1699,Popko D.
1700,Nam J.S.
1701,Aragone J.C.
1702,Bourchier H.
1703,Menezes J.
1704,Tsitsipas P.
1705,Brancaccio R.
1706,Bryde T.
1707,Alvarez Varona N.
1708,Blumberg W.
1709,Dutra Da Silva D.
1710,Poljicak M.
1711,Galarneau A.
1712,Pervolarakis M.
1713,Madaras D.
1714,Noguchi R.
1715,Shimizu Y.
1716,Bailly G.
1717,Moundir A.
1718,Wessels L.
1719,Kumar O.
1720,Lock B.
1721,Blanchet U.
1722,Barranco Cosano J.
1723,Fanselow S.
1724,Mikrut L.
1725,Kasnikowski M.
1726,Jacquet K.
1727,Sun F.
1728,Papamalamis T.
1729,Habib H.
1730,Samrej K.
1731,Boyer T.
1732,Rottgering M.
1733,Trotter J.K.
1734,Buse I.
