,PlayerName,Last30,Last7
0,Dosedel S.,0,0
1,Clement A.,0,0
2,Escude N.,0,0
3,Knippschild J.,0,0
4,Fromberg R.,0,0
5,Arthurs W.,0,0
6,Grosjean S.,0,0
7,Balcells J.,0,0
8,Hewitt L.,0,0
9,Tebbutt M.,0,0
10,Martin A.,0,0
11,Draper S.,0,0
12,Petrovic D.,0,0
13,Pozzi G.,0,0
14,Stoltenberg J.,0,0
15,Goldstein P.,0,0
16,Enqvist T.,0,0
17,Lisnard J.,0,0
18,Sekulov J.,0,0
19,Norman M.,0,0
20,Vinck C.,0,0
21,Henman T.,0,0
22,Kumar S.,0,0
23,Behrend T.,0,0
24,Rochus C.,0,0
25,Delgado J.,0,0
26,Spottl M.,0,0
27,Hantschk M.,0,0
28,Kroslak J.,0,0
29,Ketola T.,0,0
30,Zib T.,0,0
31,Paes L.,0,0
32,Ram A.,0,0
33,Sanguinetti D.,0,0
34,Kilderry P.,0,0
35,Tabara M.,0,0
36,Ishii Y.,0,0
37,Vinciguerra A.,0,0
38,Agenor R.,0,0
39,Jonsson F.,0,0
40,Vanek J.,0,0
41,Manta L.,0,0
42,Golmard J.,0,0
43,Pioline C.,0,0
44,Damm M.,0,0
45,Bastl G.,0,0
46,Al-Alawi S.K.,0,0
47,Caratti C.,0,0
48,Arazi H.,0,0
49,El Aynaoui Y.,0,0
50,Luxa P.,0,0
51,Kiefer N.,0,0
52,Puerta M.,0,0
53,Santoro F.,0,0
54,Diaz J.,0,0
55,Schuettler R.,0,0
56,Siemerink J.,0,0
57,Tillstrom M.,0,0
58,Vicente F.,0,0
59,Gaudio G.,0,0
60,Marin J.A.,0,0
61,Squillari F.,0,0
62,Cherkasov A.,0,0
63,Schalken S.,0,0
64,Mirnyi M.,0,0
65,Chang M.,0,0
66,Federer R.,0,0
67,Gambill J.M.,0,0
68,Sargsian S.,0,0
69,Gustafsson M.,0,0
70,Tarango J.,0,0
71,Johansson T.,0,0
72,Berasategui A.,0,0
73,Bjorkman J.,0,0
74,Rosset M.,0,0
75,Ivanisevic G.,0,0
76,Sell M.,0,0
77,Woodruff C.,0,0
78,Ferrero J.C.,0,0
79,Novak J.,0,0
80,Kuerten G.,0,0
81,Hrbaty D.,0,0
82,Costa A.,0,0
83,Koubek S.,0,0
84,Lapentti N.,0,0
85,Safin M.,0,0
86,Martin T.,0,0
87,Vacek D.,0,0
88,Spadea V.,0,0
89,Corretja A.,0,0
90,Ilie A.,0,0
91,Voinea A.,0,0
92,Ljubicic I.,0,0
93,Alami K.,0,0
94,Alonso J.,0,0
95,Black W.,0,0
96,Boutter J.,0,0
97,Dupuis A.,0,0
98,Parmar A.,0,0
99,Ferreira W.,0,0
100,Motomura G.,0,0
101,Haas T.,0,0
102,Karbacher B.,0,0
103,Kafelnikov Y.,0,0
104,Canas G.,0,0
105,Medvedev A.,0,0
106,Llodra M.,0,0
107,Black B.,0,0
108,Mamiit C.,0,0
109,Philippoussis M.,0,0
110,O'Brien A.,0,0
111,Sampras P.,0,0
112,Blanco G.,0,0
113,Sluiter R.,0,0
114,Sirianni J.,0,0
115,Srichaphan P.,0,0
116,Tieleman L.,0,0
117,Lareau S.,0,0
118,Ullyett K.,0,0
119,Stanoytchev O.,0,0
120,Woodbridge T.,0,0
121,Mantilla F.,0,0
122,Agassi A.,0,0
123,Hill M.,0,0
124,Portas A.,0,0
125,Burgsmuller L.,0,0
126,Gross O.,0,0
127,Prinosil D.,0,0
128,Pavel A.,0,0
129,Raoux G.,0,0
130,Courier J.,0,0
131,Salzenstein J.,0,0
132,Gimelstob J.,0,0
133,Blake J.,0,0
134,Gumy H.,0,0
135,Rodriguez M.,0,0
136,Liukko V.,0,0
137,Woodforde M.,0,0
138,Massu N.,0,0
139,Larsson M.,0,0
140,MacPhie B.,0,0
141,Jensen L.,0,0
142,Pretzsch A.,0,0
143,Popp A.,0,0
144,Reneberg R.,0,0
145,Sa A.,0,0
146,Dewulf F.,0,0
147,Kucera K.,0,0
148,Wessels P.,0,0
149,Rusedski G.,0,0
150,Saulnier C.,0,0
151,Zabaleta M.,0,0
152,Chela J.I.,0,0
153,Etlis G.,0,0
154,Bruguera S.,0,0
155,Viloca J.A.,0,0
156,di Pasquale A.,0,0
157,Heuberger I.,0,0
158,Bryan M.,0,0
159,Clavet F.,0,0
160,Stark J.,0,0
161,Hipfl M.,0,0
162,van Lottum J.,0,0
163,Roddick A.,0,0
164,Rafter P.,0,0
165,Malisse X.,0,0
166,Calatrava A.,0,0
167,Calleri A.,0,0
168,Ulihrach B.,0,0
169,Alvarez E.,0,0
170,Hood M.,0,0
171,Gonzalez P.,0,0
172,Hadad M.,0,0
173,Prieto S.,0,0
174,Ondruska M.,0,0
175,Meligeni F.,0,0
176,Moya C.,0,0
177,Rios M.,0,0
178,Dent T.,0,0
179,Nalbandian D.,0,0
180,Ruud C.,2,0
181,Kratochvil M.,0,0
182,Fish M.,0,0
183,Kim K.,0,0
184,Harper-Griffith L.,0,0
185,Huet S.,0,0
186,Taino E.,0,0
187,Stoliarov A.,0,0
188,Lopez-Moron A.,0,0
189,Willems R.,0,0
190,Guardiola T.,0,0
191,Coutelot N.,0,0
192,Mota B.,0,0
193,Marques N.,0,0
194,Burrieza O.,0,0
195,Lopez F.,0,0
196,Gaudenzi A.,0,0
197,Krajicek R.,0,0
198,Navarro S.,0,0
199,Puentes G.,0,0
200,Coria G.,0,0
201,Browne F.,0,0
202,Delgado R.,0,0
203,Russell M.,0,0
204,Gonzalez F.,0,0
205,Goellner M.K.,0,0
206,Kohlmann M.,0,0
207,Humphries S.,0,0
208,Giner J.,0,0
209,Charpentier M.,0,0
210,Eschauer W.,0,0
211,Mahut N.,0,0
212,Serrano O.,0,0
213,Savolt A.,0,0
214,Trifu G.,0,0
215,Bryan B.,0,0
216,Cowan B.,0,0
217,Wheaton D.,0,0
218,Nestor D.,0,0
219,Lee M.,0,0
220,Landsberg J.,0,0
221,Boruszewski J.,0,0
222,van Scheppingen D.,0,0
223,Youzhny M.,0,0
224,Gaudi I.,0,0
225,Bower J.,0,0
226,Levy H.,0,0
227,Rochus O.,0,0
228,Voltchkov V.,0,0
229,Timfjord N.,0,0
230,Fleischfresser T.,0,0
231,Thomann N.,0,0
232,Godwin N.,0,0
233,Morrison J.,0,0
234,Garcia A.,0,0
235,Kempes E.,0,0
236,Filippini M.,0,0
237,Roitman S.,0,0
238,Davydenko N.,0,0
239,Hernych J.,0,0
240,Elsner D.,0,0
241,Zovko L.,0,0
242,Vajda I.,0,0
243,Sanchez D.,0,0
244,Martelli M.,0,0
245,Schranz W.,0,0
246,Carretero R.,0,0
247,Moretti H.,0,0
248,Fasching A.,0,0
249,Luzzi F.,0,0
250,Cabello F.,0,0
251,Costa F.,0,0
252,Mathieu P.H.,0,0
253,Roux L.,0,0
254,Malcor O.,0,0
255,Larose S.,0,0
256,King P.,0,0
257,Washington M.,0,0
258,Caldwell D.,0,0
259,Capalik K.,0,0
260,Kim A.,0,0
261,Kralert P.,0,0
262,Lee H.T.,0,0
263,Moldovan I.,0,0
264,Sabau R.,0,0
265,Pescariu D.,0,0
266,Erlich J.,0,0
267,Nargiso D.,0,0
268,Tarallo S.,0,0
269,Tong M.,0,0
270,Galimberti G.,0,0
271,Flygt K.,0,0
272,Iwabuchi S.,0,0
273,Suzuki T.,0,0
274,Onoda M.,0,0
275,Friedl L.,0,0
276,Zhu B.Q.,0,0
277,Robredo T.,0,0
278,Pless K.,0,0
279,Phau B.,0,0
280,Bachelot J.F,0,0
281,Palmer J.,0,0
282,Childs L.,0,0
283,Furlan R.,0,0
284,Froberg J.,0,0
285,Sarstrand M.,0,0
286,Ortegren J.,0,0
287,Jones A.,0,0
288,Bhupathi M.,0,0
289,Weiner G.,0,0
290,Schukin Y.,0,0
291,Fukarek O.,0,0
292,Horna L.,0,0
293,Simoni A.,0,0
294,Tobon M.,0,0
295,Hirigoyen I.,0,0
296,Behr N.,0,0
297,Settergren J.,0,0
298,Arquez P.,0,0
299,Acasuso J.,0,0
300,Tursunov D.,0,0
301,Hernandez A.,0,0
302,Eagle J.,0,0
303,Saretta F.,0,0
304,Vemic D.,0,0
305,Ginepri R.,0,0
306,Belal C.,0,0
307,Vacek J.,0,0
308,Couto E.,0,0
309,Sousa T.,0,0
310,Montanes A.,0,0
311,Labadze I.,0,0
312,Wassen R.,0,0
313,Melo D.,0,0
314,Traykov I.,0,0
315,Andersen J.F.,0,0
316,Galvani S.,0,0
317,Kauffmann C.,0,0
318,Okun N.,0,0
319,Carlsen K.,0,0
320,Allegro Y.,0,0
321,Elseneer G.,0,0
322,Hilton M.,0,0
323,Yoon Y.,0,0
324,Knowle J.,0,0
325,Vlasov D.,0,0
326,Radic M.,0,0
327,Norman D.,0,0
328,Mutis O.,0,0
329,Lopez M.,0,0
330,Herm-Zahlava J.,0,0
331,Bozic I.,0,0
332,Kutsenko V.,0,0
333,Schiessling T.,0,0
334,Marach O.,0,0
335,Armando H.,0,0
336,Pfeiffer K.,0,0
337,Stepanek R.,0,0
338,Fleishman Z.,0,0
339,Harsanyi P.,0,0
340,Joyce M.,0,0
341,Peya A.,0,0
342,Bogomolov Jr.A.,0,0
343,Brasington J.,0,0
344,Ramirez Hidalgo R.,0,0
345,Alves T.,0,0
346,Mello R.,0,0
347,Oncins J.,0,0
348,Ogorodov O.,0,0
349,Karlovic I.,0,0
350,Jiang S.,0,0
351,Wang Y.,0,0
352,Terachi T.,0,0
353,Hui J.,0,0
354,Garcia-Sintes J.,0,0
355,Volandri F.,0,0
356,Zimonjic N.,0,0
357,Kondo H.,0,0
358,Thomas J.,0,0
359,Udomchoke D.,0,0
360,Benneteau J.,0,0
361,Melzer J.,0,0
362,Elgin M.,0,0
363,Nieminen J.,0,0
364,Soderling R.,0,0
365,Dupre T.,0,0
366,Reid T.,0,0
367,Larkham T.,0,0
368,Patience O.,0,0
369,Carraz G.,0,0
370,Ascione T.,0,0
371,Silva J.,0,0
372,Massa E.,0,0
373,Bahrouzyan O.,0,0
374,Mazarakis V.,0,0
375,Verkerk M.,0,0
376,Ancic M.,0,0
377,El Aarej M.,0,0
378,Matias N.,0,0
379,Ferrer D.,0,0
380,Gasquet R.,0,0
381,Krajan Z.,0,0
382,Marin L.,0,0
383,Nadal-Parera R.,0,0
384,Kohlschreiber P.,0,0
385,de Chaunac S.,0,0
386,Hadad A.,0,0
387,Perez D.,0,0
388,Vassallo-Arguello M.,0,0
389,Miranda I.,0,0
390,Dreekmann H.,0,0
391,Bogdanovic A.,0,0
392,Moodie W.,0,0
393,Muller G.,0,0
394,Ivanov-Smolensky K.,0,0
395,Cadart R.,0,0
396,Mackin A.,0,0
397,Waske A.,0,0
398,Vahaly B.,0,0
399,Prpic F.,0,0
400,Fraile G.,0,0
401,Hanescu V.,0,0
402,Todero N.,0,0
403,Blake T.,0,0
404,Ellwood B.,0,0
405,Dancevic F.,0,0
406,Agaev E.,0,0
407,Boeker M.,0,0
408,Saoudi S.,0,0
409,Kunitcin I.,0,0
410,Craca M.,0,0
411,Abel M.,0,0
412,Shvec A.,0,0
413,Johansson J.,0,0
414,Beck K.,0,0
415,Vliegen K.,0,0
416,Bopanna R.,0,0
417,Lisnard J.R.,0,0
418,Varlet J.,0,0
419,Amritraj P.,0,0
420,Van Lottum J.,0,0
421,Rea S.,0,0
422,Luczak P.,0,0
423,Crabb J.,0,0
424,Bogomolov Jr. A.,0,0
425,Gambill J. M.,0,0
426,Gamonal H.,0,0
427,Peralta J.,0,0
428,Daniel M.,0,0
429,Prodon E.,0,0
430,Baker B.,0,0
431,Marin J.A,0,0
432,Di Pasquale A.,0,0
433,Kendrick R.,0,0
434,Gooding J.,0,0
435,Lapentti G.,0,0
436,Verdasco F.,0,0
437,Tahiri M.,0,0
438,Lopes H.,0,0
439,Nadal R.,0,0
440,Cermak F.,0,0
441,Garcia-Lopez G.,0,0
442,Kunitsyn I.,0,0
443,Mathieu P.,0,0
444,Schuettler P.,0,0
445,Scherrer J.C.,0,0
446,de Voest R.,0,0
447,Moser F.,0,0
448,Hemmes F.,0,0
449,Petzschner P.,0,0
450,Baccanello P.,0,0
451,Mertinak M.,0,0
452,Bloomfield R.,0,0
453,Niemeyer F.,0,0
454,Rehnquist B.,0,0
455,Lammer M.,0,0
456,Guccione C.,0,0
457,Hernandez O.,0,0
458,Levinsky J.,0,0
459,Wawrinka S.,0,0
460,Starace P.,0,0
461,Levine I.,0,0
462,Behrmann M.,0,0
463,Reynolds B.,0,0
464,Delic A.,0,0
465,Ayala D.,0,0
466,Neumuller I.,0,0
467,Vik R.,0,0
468,Koellerer D.,0,0
469,Karanusic R.,0,0
470,Tuksar S.,0,0
471,Yim R.,0,0
472,Golovanov D.,0,0
473,Matkowski M.,0,0
474,Dabrowski B.,0,0
475,MacLagan M.,0,0
476,Youzhny A.,0,0
477,Ramirez-Hidalgo R.,0,0
478,Berdych T.,0,0
479,Capdeville P.,0,0
480,Moraru G.,0,0
481,Chiudinelli M.,0,0
482,Ratiwatana S.,0,0
483,di Mauro A.,0,0
484,Veronelli D.,0,0
485,Tenconi T.,0,0
486,Andreev I.,0,0
487,Aldi F.,0,0
488,Almagro N.,0,0
489,Iwami T.,0,0
490,Scherrer J.,0,0
491,Ferrero J.,0,0
492,Mankad H.,0,0
493,Rastogi K.,0,0
494,Khalfan S.,0,0
495,Kucera V.,0,0
496,Bogomolov A.,0,0
497,Santopadre V.,0,0
498,Seppi A.,0,0
499,Bracciali D.,0,0
500,Bohli S.,0,0
501,Hippensteel K.,0,0
502,Monaco J.,0,0
503,Cakl T.,0,0
504,Mayer F.,0,0
505,Gallardo M.,0,0
506,Dell'Acqua M.,0,0
507,Marcaccio G.,0,0
508,Tavares L.,0,0
509,Robert S.,0,0
510,Devilder N.,0,0
511,Pashanski B.,0,0
512,Kindlmann D.,0,0
513,Pescosolido S.,0,0
514,Vagnozzi S.,0,0
515,Ventura S.,0,0
516,Serra F.,0,0
517,Jeanpierre J.,0,0
518,Tipsarevic J.,0,0
519,Haehnel J.,0,0
520,Falla A.,0,0
521,Marray J.,0,0
522,Flanagan I.,0,0
523,Ancic I.,0,0
524,Fitz S.,0,0
525,Navarro-Pastor I.,0,0
526,Lu Y.H.,0,0
527,Hellstrom M.,0,0
528,Gabashvili T.,0,0
529,Verdasco M.,0,0
530,Eleskovic E.,0,0
531,van Gemerden M.,0,0
532,Przysiezny M.,0,0
533,Cook L.,0,0
534,Guzman J.P.,0,0
535,Beck A.,0,0
536,Ram R.,0,0
537,Ager J.,0,0
538,Minar I.,0,0
539,Djokovic N.,1,0
540,Urban F.,0,0
541,Kubot L.,0,0
542,Baghdatis M.,0,0
543,Jenkins S.,0,0
544,Benneteau A.,0,0
545,Odesnik W.,0,0
546,Healey N.,0,0
547,Tsonga J.W.,0,0
548,Lu H.,0,0
549,Ionita V.,0,0
550,Bohane A.,0,0
551,Widom T.,0,0
552,Gimeno-Traver D.,0,0
553,Zeng S.X.,0,0
554,Roger-Vasselin E.,0,0
555,Simon G.,0,0
556,Gicquel M.,0,0
557,Monfils G.,4,0
558,Stakhovsky S.,0,0
559,Ryderstedt M.,0,0
560,Nielsen M.,0,0
561,Bourgeois L.,0,0
562,Kimmich M.,0,0
563,Nunez E.,0,0
564,Sun P.,0,0
565,Vico U.,0,0
566,Parada F.,0,0
567,Wang Y.T.,0,0
568,Dailey Z.,0,0
569,Minar J.,0,0
570,Tecau H.,0,0
571,Evans B.,0,0
572,Berrer M.,0,0
573,Machado R.,0,0
574,Sela D.,0,0
575,Dlouhy L.,0,0
576,Murray A.,0,0
577,Klein T.,0,0
578,Goodall J.,0,0
579,Sherwood D.,0,0
580,Summerer T.,0,0
581,Oudsema S.,0,0
582,Wilson B.,0,0
583,Mergea F.,0,0
584,Korteling S.,0,0
585,Lu Y.,0,0
586,Brzezicki J.P.,0,0
587,Thron A.,0,0
588,Bozoljac I.,0,0
589,Fyrstenberg M.,0,0
590,Chadaj A.,0,0
591,Smeets R.,0,0
592,Clayton A.,0,0
593,Bester P.,0,0
594,Young D.,0,0
595,Gregorc L.,0,0
596,Matsui T.,0,0
597,Wang Y. Jr,0,0
598,Gremelmayr D.,0,0
599,Chen T.,0,0
600,Do M.Q.,0,0
601,Greul S.,0,0
602,Naso G.,0,0
603,Sanchez de Luna J.A.,0,0
604,Fognini F.,0,0
605,Ittogi T.,0,0
606,Soeda G.,0,0
607,Ledovskikh M.,0,0
608,Davletshin V.,0,0
609,Junaid R.,0,0
610,King-Turner D.,0,0
611,Berlocq C.,0,0
612,Snobel P.,0,0
613,Faurel J.C.,0,0
614,Del Potro J.M.,0,0
615,Aguilar J.,0,0
616,Cuadrado C.,0,0
617,Cilic M.,3,0
618,Korolev E.,0,0
619,Querry S.,0,0
620,Rettenmaier T.,0,0
621,Warburg S.,0,0
622,Ghem A.,0,0
623,Van der Dium A.,0,0
624,Gallardo Valles M.,0,0
625,Kuznetsov A.,0,0
626,Burniol G.,0,0
627,Balleret B.,0,0
628,Klec I.,0,0
629,Salva B.,0,0
630,Ouahab L.,0,0
631,Peric T.,0,0
632,Gil F.,0,0
633,Chela J.,0,0
634,Popp T.,0,0
635,Hartfield D.,0,0
636,Chardy J.,0,0
637,Montcourt M.,0,0
638,Baker J.,0,0
639,Haase R.,0,0
640,Qureshi A.,0,0
641,Zverev M.,0,0
642,Becker B.,0,0
643,Al Ghareeb M.,0,0
644,Kutac R.,0,0
645,Whitehouse W.,0,0
646,Sijsling I.,0,0
647,Darcis S.,0,0
648,De Bakker T.,0,0
649,Gonzalez S.,0,0
650,Querrey S.,0,0
651,Rieschick S.,0,0
652,Junqueira D.,0,0
653,Patriarca D.,0,0
654,Sandbichler A.,0,0
655,Azzaro L.,0,0
656,Haider-Mauer A.,0,0
657,Cipolla F.,0,0
658,Ianni S.,0,0
659,Sweeting R.,0,0
660,Stoppini A.,0,0
661,Polansky P.,0,0
662,Hajek J.,0,0
663,Simmonds P.,0,0
664,Dolgopolov A.,0,0
665,Crivoi V.,0,0
666,Economidis K.,0,0
667, Hajek J.,0,0
668,Clemens T.,0,0
669,Chaen T.,0,0
670,Troicki V.,0,0
671,Istomin D.,0,0
672,Fish A.,0,0
673,Eitzinger R.,0,0
674,Reister J.,0,0
675,Gulbis E.,0,0
676,Robredo R.,0,0
677,Jun W.,0,0
678,Levine J.,0,0
679,Schwank E.,0,0
680,Huta Galung J.,0,0
681,Witten J.,0,0
682,Bolelli S.,0,0
683,Andujar P.,0,0
684,Gensse A.,0,0
685,Granollers M.,0,0
686,Dustov F.,0,0
687,Chaki R.,0,0
688,Sousa P.,0,0
689,Brands D.,0,0
690,Bachinger M.,0,0
691,Eysseric J.,0,0
692,Recouderc L.,0,0
693,Giraldo S.,0,0
694,Tveit E.,0,0
695,Isner J.,0,0
696,Nishikori K.,2,0
697,Lacko L.,0,0
698,Fischer M.,0,0
699,Gonzalez M.,0,0
700,Riba P.,0,0
701,Olejniczak D.,0,0
702,Klizan M.,0,0
703,Cuevas P.,0,0
704,McClune M.,0,0
705,Echagaray B.,0,0
706,Yu X.Y.,0,0
707,Gard C.,0,0
708,Meffert D.,0,0
709,Lindahl N.,0,0
710,Stadler S.,0,0
711,Singh N.,0,0
712,Dev Varman S.,0,0
713,Guez D.,0,0
714,Nam H.W.,0,0
715,Matsukevitch D.,0,0
716,Golubev A.,0,0
717,Chekov P.,0,0
718,Kudryavtsev A.,0,0
719,Dorsch B.,0,0
720,Statham R.,0,0
721,Rosol L.,0,0
722,Slanar M.,0,0
723,Podlipnik H.,0,0
724,Marrero D.,0,0
725,Munoz de la Nava D.,0,0
726,Decoud S.,0,0
727,Bowles C.,0,0
728,Crugnola M.,0,0
729,Bellucci T.,0,0
730,Smyczek T.,0,0
731,Skugor F.,0,0
732,Kavcic B.,0,0
733,Anderson K.,0,0
734,Elias G.,0,0
735,Harrison R.,0,0
736,Kukushkin M.,0,0
737,Marrai M.,0,0
738,Trujillo G.,0,0
739,Del Potro J.,0,0
740,Sidorenko A.,0,0
741,Fabbiano T.,0,0
742,Sanchez De Luna J.,0,0
743,Lopez-Jaen M.A.,0,0
744,De Voest R.,0,0
745,Berankis R.,0,0
746,Dimitrov G.,3,0
747,Ward J.,0,0
748,Nielsen F.,0,0
749,Slabinsky A.,0,0
750,Groth S.,0,0
751,Kamke T.,0,0
752,Van der Merwe I.,0,0
753,Eaton C.,0,0
754,Goransson T.,0,0
755,Ouanna J.,0,0
756,Dabul B.,0,0
757,Brizzi A.,0,0
758,Jun W.S.,0,0
759,Oswald P.,0,0
760,Mayer L.,0,0
761,Belic L.,0,0
762,Yani M.,0,0
763,Ignatik U.,0,0
764,Ball C.,0,0
765,Krajicek A.,0,0
766,Cruciat A.,0,0
767,Qureshi A.U.H.,0,0
768,Xu J.C.,0,0
769,Jouan R.,0,0
770,Mannarino A.,0,0
771,Ito Y.,0,0
772,Ito T.,0,0
773,Lejnieks K.,0,0
774,Tomic B.,0,0
775,Devvarman S.,0,0
776,Statham J.,0,0
777,Klein B.,0,0
778,Klaasen R.,0,0
779,Dodig I.,0,0
780,Mektic N.,0,0
781,Silva D.,0,0
782,Munoz de La Nava D.,0,0
783,Ferreiro F.,0,0
784,Janowicz J.,0,0
785,Riba-Madrid P.,0,0
786,Hocevar R.,0,0
787,Rufin G.,0,0
788,Fleming C.,0,0
789,Zemlja G.,0,0
790,Zeballos H.,0,0
791,Britton D.,0,0
792,De Chaunac S.,0,0
793,Agostinelli B.,0,0
794,Ilhan M.,0,0
795,Valent R.,0,0
796,Marchenko I.,0,0
797,Millot V.,0,0
798,Vovk S.,0,0
799,Luncanu P.A.,0,0
800,Dolgopolov O.,0,0
801,Haider-Maurer A.,0,0
802,Karlovic I. ,0,0
803,Seppi A. ,0,0
804,Rochus O. ,0,0
805,Stepanek R. ,0,0
806,Luczak P. ,0,0
807,Chiudinelli M. ,0,0
808,Bolelli S. ,0,0
809,Troicki V. ,0,0
810,Beck A. ,0,0
811,Nieminen J. ,0,0
812,Koellerer D. ,0,0
813,Cilic M. ,0,0
814,Zeballos H. ,0,0
815,Chardy J. ,0,0
816,Ljubicic I. ,0,0
817,Isner J. ,0,0
818,Serra F. ,0,0
819,Federer R. ,0,0
820,Lammer M. ,0,0
821,Korolev E. ,0,0
822,Hernych J. ,0,0
823,Wawrinka S. ,0,0
824,Djokovic N. ,0,0
825,Gasquet R. ,0,0
826,Montanes A. ,0,0
827,Mathieu P.H. ,0,0
828,Garcia-Lopez G. ,0,0
829,Falla A. ,0,0
830,Simon G. ,0,0
831,Granollers M. ,0,0
832,Monaco J. ,0,0
833,Almagro N. ,0,0
834,Mayer L. ,0,0
835,Ferrero J.C. ,0,0
836,Murray A. ,0,0
837,Rochus C. ,0,0
838,Tipsarevic J. ,0,0
839,Martin A. ,0,0
840,Monfils G. ,0,0
841,Youzhny M. ,0,0
842,Robredo T. ,0,0
843,Verdasco F. ,0,0
844,Davydenko N. ,0,0
845,Millman J.,0,0
846,Ebden M.,0,0
847,Yang T.H.,0,0
848,Sorensen L.,0,0
849,Lemke J.,0,0
850,Cervantes I.,0,0
851,Veic A.,0,0
852,Lorenzi P.,0,0
853,Brown D.,0,0
854,Aranguren J.M.,0,0
855,Saavedra Corvalan C.,0,0
856,Souza J.,0,0
857,Bemelmans R.,0,0
858,Jelenic P.,0,0
859,Poerschke L.,0,0
860,Mertens Y.,0,0
861,Matosevic M.,0,0
862,Krajinovic F.,0,0
863,El Amrani R.,0,0
864,Niland C.,0,0
865,Ramos-Vinolas A.,0,0
866,Donskoy E.,0,0
867,Gojowczyk P.,0,0
868,Munoz-De La Nava D.,0,0
869,Mina G.,0,0
870,Emmrich M.,0,0
871,Alcaide G.,0,0
872,Kudla D.,0,0
873,Marti Y.,0,0
874,Velotti A.,0,0
875,Johnson S.,0,0
876,Melzer G.,0,0
877,Raonic M.,0,0
878,Duclos P.L.,0,0
879,Paire B.,0,0
880,Sock J.,0,0
881,Copil M.,0,0
882,Ungur A.,0,0
883,Del Bonis F.,0,0
884,Kravchuk K.,0,0
885,Gong M.X.,0,0
886,Bai Y.,0,0
887,Bautista R.,0,0
888,Sugita Y.,0,0
889,Goffin D.,5,0
890,Sabry S.,0,0
891,Bubka S.,0,0
892,Venus M.,0,0
893,Scholtz N.,0,0
894,Van Der Merwe I.,0,0
895,Rios F.,0,0
896,Pospisil J.,0,0
897,Lajovic D.,2,0
898,Clezar G.,0,0
899,Dutra Silva R.,0,0
900,Kuznetsov Al.,0,0
901,Borvanov R.,0,0
902,Schoorel T.,0,0
903,Garza D.,0,0
904,Awadhy O.,0,0
905,Granollers Pujol G.,0,0
906,Kuznetsov An.,0,0
907,Ramos A.,0,0
908,Sousa J.,0,0
909,Teixeira M.,0,0
910,Marti J.,0,0
911,Golding O.,0,0
912,Cox D.,0,0
913,De Schepper K.,0,0
914,Wang J.,0,0
915,Lindell C.,0,0
916,Olaso G.,0,0
917,Cervenak P.,0,0
918,Kern R.,0,0
919,Stebe C.M.,0,0
920,Knittel B.,0,0
921,Kosakowski D.,0,0
922,Thiem D.,0,0
923,Muster T.,0,0
924,Sitak A.,0,0
925,Chvojka E.,0,0
926,Pospisil V.,0,0
927,Dasnieres de Veigy J.,0,0
928,Jaziri M.,0,0
929,Dutra Da Silva R.,0,0
930,Giannessi A.,0,0
931,Rodrigues M.,0,0
932,Renavand N.,0,0
933,Wu D.,0,0
934,Li Z.,0,0
935,Zhang Z.,0,0
936,Zopp J.,0,0
937,Duckworth J.,0,0
938,Vardhan V.,0,0
939,Bhambri Y.,0,0
940,Viola Mat.,0,0
941,Van D. Merwe I.,0,0
942,Marcan D.,0,0
943,Lajola D.,0,0
944,Kutrovsky D.,0,0
945,Bagnis F.,0,0
946,Olivetti A.,0,0
947,Cabal J.S.,0,0
948,Djokovic M.,0,0
949,Williams R.,0,0
950,Delbonis F.,0,0
951,Ziadi M.,0,0
952,Idmbarek Y.,0,0
953,Gutierrez-Ferrol S.,0,0
954,Brugues-Davi A.,0,0
955,Balazs A.,0,0
956,Farah R.,0,0
957,Menendez-Maceiras A.,0,0
958,Bedene A.,0,0
959,Trungelliti M.,0,0
960,Ehrat S.,0,0
961,Mcclune M.,0,0
962,Klahn B.,0,0
963,Novikov D.,0,0
964,Reix C.,0,0
965,Betov S.,0,0
966,Fidirko N.,0,0
967,Siriluethaiwattana P.,0,0
968,Deen Heshaam A.,0,0
969,Singh S.,0,0
970,Rosenholm P.,0,0
971,Laaksonen H.,0,0
972,Mitchell B.,0,0
973,Stebe C-M.,0,0
974,Zayed M. S.,0,0
975,Safwat M.,0,0
976,Saville L.,0,0
977,Pella G.,0,0
978,Weintraub A.,0,0
979,Pouille L.,0,0
980,Alund M.,0,0
981,Viola M.,0,0
982,Veger F.,0,0
983,Reyes-Varela M.A.,0,0
984,Ramirez C.,0,0
985,Schwartzman D.,0,0
986,Rachidi Y.,0,0
987,Carreno-Busta P.,0,0
988,Granollers G.,0,0
989,Carballes Baena R.,2,0
990,Struff J.L.,2,0
991,Krawietz K.,0,0
992,Ghedin R.,0,0
993,Basic M.,0,0
994,Evans D.,1,0
995,Edmund K.,0,0
996,Ymer E.,0,0
997,Pavic A.,0,0
998,Bossel A.,0,0
999,Salamanca C.,0,0
1000,Estrella Burgos V.,0,0
1001,Barrientos N.,0,0
1002,Struvay E.,0,0
1003,Gomez E.,0,0
1004,King K.,0,0
1005,Harrison C.,0,0
1006,Topic J.,0,0
1007,Coric B.,0,0
1008,Setkic A.,0,0
1009,Novak D.,0,0
1010,Peliwo F.,0,0
1011,Bogaerts R.,0,0
1012,Herbert P.H.,0,0
1013,Fucsovics M.,1,0
1014,Vesely J.,0,0
1015,Karatsev A.,0,0
1016,Inglot D.,0,0
1017,Biryukov M.,0,0
1018,Djere L.,5,0
1019,Khachanov K.,4,0
1020,Langer N.,0,0
1021,Mecir M.,0,0
1022,Nedovyesov A.,0,0
1023,Kokkinakis T.,0,0
1024,Kyrgios N.,0,0
1025,Dzumhur D.,5,0
1026,Gonzalez A.,0,0
1027,Daniel T.,0,0
1028,Lama G.,0,0
1029,Hank T.,0,0
1030,Smith J.P.,0,0
1031,Khaddari H.,0,0
1032,Arguello F.,0,0
1033,Albot R.,0,0
1034,Travaglia S.,0,0
1035,Cecchinato M.,0,0
1036,Milojevic N.,0,0
1037,Delic M.,0,0
1038,Kubler J.,0,0
1039,Michon A.,0,0
1040,Pavic M.,0,0
1041,Rola B.,0,0
1042,Coppejans K.,0,0
1043,Smethurst D.,0,0
1044,Puetz T.,0,0
1045,Eriksson M.,0,0
1046,Olivo R.,0,0
1047,Thompson C.,0,0
1048,Zverev A.,4,0
1049,Londero J.I.,0,0
1050,Diez S.,0,0
1051,Tiafoe F.,4,0
1052,Schnur B.,0,0
1053,Buchanan C.,0,0
1054,Mcgee J.,0,0
1055,Rubin N.,0,0
1056,Donaldson J.,0,0
1057,Takeuchi K.,0,0
1058,Burquier G.,0,0
1059,Gao X.,0,0
1060,Ouyang B.,0,0
1061,Gerasimov E.,0,0
1062,Wang C.,0,0
1063,Baluda V.,0,0
1064,Gombos N.,0,0
1065,Prashanth V.,0,0
1066,Ramanathan R.,0,0
1067,Basilashvili N.,1,0
1068,Thompson J.,1,0
1069,Lokoli L.,0,0
1070,Moriya H.,0,0
1071,Vanni L.,0,0
1072,Jarry N.,1,0
1073,Androic T.,0,0
1074,Kozlov S.,0,0
1075,Rublev A.,4,0
1076,Molteni A.,0,0
1077,Andreozzi G.,0,0
1078,Chung H.,0,0
1079,De Greef A.,0,0
1080,Munar J.,1,0
1081,Silva F.,0,0
1082,Ilkel C.,0,0
1083,Trinker B.,0,0
1084,Donati M.,0,0
1085,Gaio F.,0,0
1086,Arnaboldi A.,0,0
1087,Hamou M.,0,0
1088,Nishioka Y.,0,0
1089,Gigounon G.,0,0
1090,Broady L.,0,0
1091,Demoliner M.,0,0
1092,Sarkissian A.,0,0
1093,Galan D.E.,0,0
1094,Hemery C.,0,0
1095,King D.,0,0
1096,Fratangelo B.,0,0
1097,Herbert P.H,0,0
1098,Shane R.,0,0
1099,Shyla Y.,0,0
1100,Uchiyama Y.,0,0
1101,Zhang Ze,0,0
1102,Zhang Zh.,2,0
1103,Ymer M.,0,0
1104,Marterer M.,0,0
1105,Miedler L.,0,0
1106,Kovalik J.,0,0
1107,Zayid M. S.,0,0
1108,Halys Q.,6,0
1109,Jasika O.,0,0
1110,Escobar G.,0,0
1111,Lazov A.,0,0
1112,Fritz T.,3,0
1113,Paul T.,4,0
1114,Monteiro T.,2,0
1115,Opelka R.,1,0
1116,Munoz De La Nava D.,0,0
1117,Carreno Busta P.,1,0
1118,Bautista Agut R.,3,0
1119,Cachin P.,0,0
1120,Caruso S.,0,0
1121,Garin C.,2,0
1122,Ortega-Olmedo R.,0,0
1123,Medvedev D.,7,0
1124,Pavlasek A.,0,0
1125,Samper-Montana J.,0,0
1126,Barrere G.,0,0
1127,Bourgue M.,0,0
1128,Escobedo E.,0,0
1129,Ward A.,0,0
1130,Lamasine T.,0,0
1131,Barton M.,0,0
1132,Willis M.,0,0
1133,Arvidsson I.,0,0
1134,Simonsson F.,0,0
1135,Kicker N.,0,0
1136,Bellier A.,0,0
1137,Mertl J.,0,0
1138,Linzer M.,0,0
1139,Lopez-Perez E.,0,0
1140,Shapovalov D.,6,0
1141,Eubanks C.,0,0
1142,Van Rijthoven T.,0,0
1143,Mcdonald M.,0,0
1144,Myneni S.,0,0
1145,Mmoh M.,0,0
1146,Satral J.,0,0
1147,Whittington A.,0,0
1148,Maden Y.,0,0
1149,Bublik A.,2,0
1150,Zayid M.S.,0,0
1151,O'Connell C.,0,0
1152,De Minaur A.,4,0
1153,Tepavac M.,0,0
1154,Griekspoor T.,9,0
1155,Tsitsipas S.,8,0
1156,Santillan A.,0,0
1157,Ahouda A.,0,0
1158,Quinzi G.,0,0
1159,Domingues J.,0,0
1160,Masur D.,0,0
1161,Hanfmann Y.,2,0
1162,Altmaier D.,2,0
1163,Marcora R.,0,0
1164,Sandgren T.,0,0
1165,Napolitano S.,0,0
1166,Del Potro J. M.,0,0
1167,Jung J.,0,0
1168,Norrie C.,4,0
1169,Harris L.,0,0
1170,Ofner S.,0,0
1171,Krueger M.,0,0
1172,Polmans M.,0,0
1173,Zekic M.,0,0
1174,Giustino L.,0,0
1175,Sakharov G.,0,0
1176,Hernandez-Fernandez J.,0,0
1177,Sanchez M.,0,0
1178,King E.,0,0
1179,Bangoura S.,0,0
1180,Bolt A.,0,0
1181,Koepfer D.,0,0
1182,Aragone J.,0,0
1183,Kwiatkowski T.S.,0,0
1184,Kypson P.,0,0
1185,Safranek V.,0,0
1186,Tyurnev E.,0,0
1187,Wu Y.,0,0
1188,Kuhn N.,0,0
1189,Berrettini M.,5,0
1190,Nagal S.,0,0
1191,Ojeda Lara R.,0,0
1192,Caruana L.,0,0
1193,Popyrin A.,4,0
1194,Vukic A.,2,0
1195,Taberner C.,0,0
1196,Quiroz R.,0,0
1197,Moutet C.,3,0
1198,Kuzmanov D.,0,0
1199,Andreev A.,0,0
1200,Korda S.,1,0
1201,Auger-Aliassime F.,7,0
1202,Gaston H.,3,0
1203,Ivashka I.,0,0
1204,Gomez L.,0,0
1205,Kecmanovic M.,2,0
1206,Vatutin A.,0,0
1207,Sonego L.,2,0
1208,Piros Z.,0,0
1209,Baldi F.,0,0
1210,Zapata Miralles B.,0,0
1211,Coria F.,3,0
1212,Horansky F.,0,0
1213,Janvier M.,0,0
1214,Hurkacz H.,2,0
1215,Purcell M.,0,0
1216,Molleker R.,0,0
1217,Clarke J.,0,0
1218,Kolar Z.,0,0
1219,Serdarusic N.,0,0
1220,Gunneswaran P.,0,0
1221,Roca Batalla O.,0,0
1222,Galovic V.,0,0
1223,Huesler M.A.,0,0
1224,Garanganga T.,0,0
1225,Giron M.,6,0
1226,Watanuki Y.,3,0
1227,Humbert U.,4,0
1228,Brooksby J.,3,0
1229,Tseng C.H.,1,0
1230,Karlovskiy E.,0,0
1231,Otte O.,0,0
1232,Hoang A.,0,0
1233,Dellien H.,0,0
1234,Lestienne C.,0,0
1235,Lopez Villasenor G.,0,0
1236,Sakamoto P.,0,0
1237,Martinez P.,2,0
1238,Krstin P.,0,0
1239,Catarina L.,0,0
1240,Sinner J.,0,0
1241,Davidovich Fokina A.,6,0
1242,Muller A.,6,0
1243,Benchetrit E.,0,0
1244,Rodionov J.,0,0
1245,Aragone JC,0,0
1246,Celikbilek A.,0,0
1247,Majchrzak K.,0,0
1248,Kwon S.W.,0,0
1249,Torpegaard M.,0,0
1250,Sarmiento R.,0,0
1251,Lee D.H.,0,0
1252,Lenz J.,0,0
1253,Zhang Ze.,0,0
1254,Kachmazov A.,0,0
1255,Mager G.,0,0
1256,Tsitsipas S. ,0,0
1257,Nadal R. ,0,0
1258,Zverev A. ,0,0
1259,Berrettini M. ,0,0
1260,Medvedev D. ,0,0
1261,Harris A.,0,0
1262,Ficovich J.P.,1,0
1263,Ruusuvuori E.,0,0
1264,Couacaud E.,0,0
1265,Nakashima B.,6,0
1266,Seyboth Wild T.,3,0
1267,Alcaraz C.,5,0
1268,Musetti L.,2,0
1269,Tabilo A.,3,0
1270,Wolf J.J.,0,0
1271,Cressy M.,0,0
1272,Blanch U.,0,0
1273,Rinderknech A.,2,0
1274,Mayot H.,0,0
1275,Galan D.,0,0
1276,Zeppieri G.,1,0
1277,Pellegrino A.,0,0
1278,Safiullin R.,3,0
1279,Bergs Z.,4,0
1280,Sachko V.,0,0
1281,Bonzi B.,2,0
1282,Forejtek J.,0,0
1283,Zuk K.,0,0
1284,Molcan A.,0,0
1285,Vrbensky M.,0,0
1286,Sweeny D.,0,0
1287,Vilella Martinez M.,0,0
1288,Fancutt T.,0,0
1289,Van De Zandschulp B.,2,0
1290,Mott B.,0,0
1291,Ferreira Silva F.,0,0
1292,O Connell C.,3,0
1293,Etcheverry T.,5,0
1294,Cerundolo F.,8,0
1295,Barrios M.,1,0
1296,Cerundolo J.M.,1,0
1297,Mochizuki S.,0,0
1298,Varillas J. P.,0,0
1299,Baez S.,8,0
1300,Rune H.,7,1
1301,Nava E.,0,0
1302,Borges N.,4,0
1303,Moraing M.,0,0
1304,Cazaux A.,0,0
1305,Stricker D.,0,0
1306,Draper J.,8,1
1307,Gray A.,0,0
1308,Klein L.,0,0
1309,Nikles J.,0,0
1310,Riedi L.,0,0
1311,Kopriva V.,0,0
1312,Mejia N.,0,0
1313,Ajdukovic D.,0,0
1314,Erler A.,0,0
1315,Riffice S.,0,0
1316,Svajda Z.,0,0
1317,Skatov T.,0,0
1318,Holmgren A.,0,0
1319,Gojo B.,0,0
1320,Tiurnev E.,0,0
1321,Vavassori A.,0,0
1322,Durasovic V.,0,0
1323,Hijikata R.,3,0
1324,Lehecka J.,3,0
1325,Machac T.,5,0
1326,Moroni G.M.,0,0
1327,Grenier H.,0,0
1328,Meligeni Rodrigues F,0,0
1329,Pucinelli de Almeida M.,0,0
1330,Shang J.,0,0
1331,Brouwer G.,0,0
1332,Kotov P.,0,0
1333,Guinard M.,0,0
1334,Medjedovic H.,0,0
1335,Gimeno Valero C.,0,0
1336,Passaro F.,0,0
1337,Arnaldi M.,4,0
1338,Ugo Carabelli C.,6,0
1339,Rodriguez Taverna S.,0,0
1340,Agamenone F.,0,0
1341,Jubb P.,0,0
1342,Peniston R.,0,0
1343,Ritschard A.,0,0
1344,Nardi L.,4,0
1345,Misolic F.,0,0
1346,Casanova H.,0,0
1347,Chappell N.,0,0
1348,Villanueva G.,0,0
1349,Shelton B.,6,0
1350,Tien L.,4,0
1351,Holt B.,0,0
1352,Furness E.,0,0
1353,Mena F.,0,0
1354,Kovacevic A.,1,0
1355,Uchida K.,0,0
1356,Blancaneaux G.,0,0
1357,Lazarov A.,0,0
1358,Oliel Y.,0,0
1359,Shevchenko A.,2,0
1360,Shimabukuro S.,0,0
1361,Maestrelli F.,0,0
1362,Cobolli F.,2,0
1363,De Jong J.,0,0
1364,Van Assche L.,0,0
1365,Geerts M.,0,0
1366,Mukund S.,0,0
1367,Svrcina D.,0,0
1368,Krutykh O.,0,0
1369,Hsu Y.,0,0
1370,Darderi L.,2,0
1371,Rybakov A.,0,0
1372,Tseng C. H.,0,0
1373,Fils A.,5,0
1374,Chidekh C.,0,0
1375,Wu T.L.,0,0
1376,Pecotic M.,0,0
1377,Shelbayh A.,0,0
1378,Fonseca J.,2,0
1379,Alves M.,0,0
1380,Pacheco Mendez R.,2,0
1381,Berrettini J.,0,0
1382,Bonadio R.,0,0
1383,Varillas J.P.,0,0
1384,Meligeni Alves F.,1,0
1385,Rocha H.,0,0
1386,Lalami Laaroussi Y.,0,0
1387,Vacherot V.,0,0
1388,Gakhov I.,0,0
1389,Rincon D.,0,0
1390,Rehberg M.,0,0
1391,Marozsan F.,2,0
1392,Lopez San Martin A.,0,0
1393,Diaz Acosta F.,1,0
1394,Tirante T.A.,0,0
1395,Mpetshi G.,3,0
1396,Olivieri G.,0,0
1397,Tu L.,1,0
1398,Loffhagen G.,0,0
1399,Choinski J.,0,0
1400,Borg L.,0,0
1401,Virtanen O.,0,0
1402,Michelsen A.,3,0
1403,Quinn E.,1,0
1404,Diallo G.,3,0
1405,Chung Y.,0,0
1406,Prizmic D.,0,0
1407,Landaluce M.,0,0
1408,Mansouri S.,0,0
1409,Pannu K.,0,0
1410,Kirchheimer S.,0,0
1411,Mensik J.,3,0
1412,Moreno De Alboran N.,0,0
1413,Mu T.,0,0
1414,Cui J.,0,0
1415,Sekulic P.,0,0
1416,Li Zh.,0,0
1417,Mo Y.,0,0
1418,Te R.,0,0
1419,Yevseyev D.,0,0
1420,Zhukayev B.,0,0
1421,Atmane T.,0,0
1422,Lajal M.,0,0
1423,Friberg K.,0,0
1424,Hassan B.,0,0
1425,Martineau M.,0,0
1426,Valkusz M.,0,0
1427,Harris B.,0,0
1428,Walton A.,3,0
1429,Escoffier A.,0,0
1430,Llamas Ruiz P.,0,0
1431,Navone M.,4,0
1432,Burruchaga R.,0,0
1433,Neff A.,0,0
1434,Comesana F.,4,0
1435,Hong S.,0,0
1436,Blanch D.,0,0
1437,Jorda Sanchis D.,0,0
1438,Moro Canas A.,0,0
1439,Topo M.,0,0
1440,Gigante M.,2,0
1441,Sanchez Izquierdo N.,0,0
1442,Squire H.,0,0
1443,Heide G.,2,0
1444,Schoolkate T.,0,0
1445,Fearnley J.,1,0
1446,Mccabe J.,0,0
1447,Hussey G.,0,0
1448,Broom C.,0,0
1449,Fery A.,0,0
1450,Bellucci M.,1,0
1451,Searle H.,0,0
1452,Faria J.,4,0
1453,Droguet T.,0,0
1454,Hardt N.,0,0
1455,Wong C.,0,0
1456,Collarini A.,0,0
1457,Neumayer L.,0,0
1458,Dodig M.,0,0
1459,Spizzirri E.,0,0
1460,Forbes M.,0,0
1461,Zhou Y.,0,0
1462,Gomez F.,0,0
1463,Bu Y.,3,0
1464,Engel J.,0,0
1465,Blockx A.,0,0
1466,Kym J.,0,0
1467,Schwaerzler J.,0,0
1468,Djuric B.,0,0
1469,Basavareddy N.,2,0
1470,Becroft I.,0,0
1471,Onclin G.,0,0
1472,Dougaz A.,1,0
1473,Svajda T.,0,0
1474,McDonald M.,2,0
1475,Collignon R.,0,0
1476,Gea A.,0,0
1477,Herbert P.,0,0
1478,Boyer T.,2,0
1479,Smith C.,2,0
1480,Sanchez J.,0,0
1481,Kulti N.,0,0
1482,Stafford G.,0,0
1483,Knowles M.,0,0
1484,Szymanski J.,0,0
1485,Cortes J.,0,0
1486,Wiltschnig H.,0,0
1487,Garcia M.,0,0
1488,Fahlke A.,0,0
1489,Witt A.,0,0
1490,Braasch K.,0,0
1491,Arnold L.,0,0
1492,Tiilikainen K.,0,0
1493,Miketa D.,0,0
1494,Peschek D.,0,0
1495,Trimmel C.,0,0
1496,Vasek R.,0,0
1497,Cobolli S.,0,0
1498,Tramacchi P.,0,0
1499,Mor L.,0,0
1500,Miyao J.,0,0
1501,Mlynarik Z.,0,0
1502,Zhang Y.,0,0
1503,Kornienko I.,0,0
1504,Freelove O.,0,0
1505,Milligan L.,0,0
1506,Smith L.,0,0
1507,Syed F.,0,0
1508,Breen M.,0,0
1509,Perry T.,0,0
1510,Svarc L.,0,0
1511,Moyano D.,0,0
1512,Koll H.,0,0
1513,Navarra M.,0,0
1514,Derepasko A.,0,0
1515,Tkalec M.,0,0
1516,Peppas S.,0,0
1517,Tomashevich D.,0,0
1518,Koenig R.,0,0
1519,Shimada T.,0,0
1520,Zitko R.,0,0
1521,Al Khulaifi N.G.,0,0
1522,Willman D.,0,0
1523,Hormazabal G.,0,0
1524,Olguin L.,0,0
1525,Albert M.,0,0
1526,Coetzee J.,0,0
1527,Kennedy A.,0,0
1528,Hanley P.,0,0
1529,Lukaev R.,0,0
1530,Bohaboy D.,0,0
1531,Hantschek M.,0,0
1532,Durek R.,0,0
1533,Henry R.,0,0
1534,Norby R.,0,0
1535,Ouahabi T.,0,0
1536,Rocha D.,0,0
1537,Srichaphan N.,0,0
1538,Weinzierl J.,0,0
1539,Delfino M.,0,0
1540,Koderisch C.,0,0
1541,Logtens P.,0,0
1542,Andersson H.,0,0
1543,Prpic A.,0,0
1544,Quintero M.,0,0
1545,Ascione A.,0,0
1546,Andersen J.,0,0
1547,Reichel A.,0,0
1548,Braga P.,0,0
1549,Phillips T.,0,0
1550,Matos-Gil I.,0,0
1551,van der Meer N.,0,0
1552,Gimeno D.,0,0
1553,Pedroso A.,0,0
1554,Gruber K.,0,0
1555,Rascon T.,0,0
1556,Abdulla M.,0,0
1557,Harboe P.,0,0
1558,Fogues F.,0,0
1559,Condor F.,0,0
1560,Mirnegg M.,0,0
1561,Uebel L.,0,0
1562,Steckley R.,0,0
1563,Fruttero J.P.,0,0
1564,Kirillov E.,0,0
1565,Uppal V.,0,0
1566,Sultan-Khalfan A.,0,0
1567,Adaktusson J.,0,0
1568,Granollers-Pujol M.,0,0
1569,Luque D.,0,0
1570,Roshardt R.,0,0
1571,Vicente M.,0,0
1572,Panfil G.,0,0
1573,Wang Y.Jr.,0,0
1574,Smit J.,0,0
1575,Auckland J.,0,0
1576,Schuttler P.,0,0
1577,Fornell M.,0,0
1578,Stepanek M.,0,0
1579,Koning M.,0,0
1580,Guzman J.,0,0
1581,Guccione A.,0,0
1582,Ruevski P.,0,0
1583,Martin D.,0,0
1584,Raja P.,0,0
1585,Jones G.D.,0,0
1586,Jones G.,0,0
1587,Rodriguez B.,0,0
1588,Al-Ghareeb M.,0,0
1589,Lipsky S.,0,0
1590,Middelkoop M.,0,0
1591,Kim K,0,0
1592,O'Neal J.,0,0
1593,Piccari F.,0,0
1594,Estrella V.,0,0
1595,De Heart R.,0,0
1596,Ebelthite C.,0,0
1597,Anderson A.,0,0
1598,Zampieri C.,0,0
1599,Zlatanovic A.,0,0
1600,Kloer S.,0,0
1601,Wachiramanowong K.,0,0
1602,Kontinen H.,0,0
1603,Bohli S. ,0,0
1604,Schuettler R. ,0,0
1605,Kohlschreiber P. ,0,0
1606,Becker B. ,0,0
1607,Benneteau J. ,0,0
1608,Petzschner P. ,0,0
1609,Blake J. ,0,0
1610,Gonzalez F. ,0,0
1611,Bautista R. ,0,0
1612,Berdych T. ,0,0
1613,Greul S. ,0,0
1614,Kunitsyn I. ,0,0
1615,Vassallo-Arguello M. ,0,0
1616,Ferrer D. ,0,0
1617,Andreev I. ,0,0
1618,Cuevas P. ,0,0
1619,Gimeno-Traver D. ,0,0
1620,Hanescu V. ,0,0
1621,Lopez F. ,0,0
1622,Maamoun K.,0,0
1623,Sergeyev I.,0,0
1624,Wolmarans F.,0,0
1625,Im K.T.,0,0
1626,Deheart R.,0,0
1627,Di Mauro A.,0,0
1628,Sadecky A.,0,0
1629,Lojda D.,0,0
1630,Belyaev I.,0,0
1631,Romboli F.,0,0
1632,Galdon P.,0,0
1633,Kumantsov A.,0,0
1634,Granollers-Pujol G.,0,0
1635,Walter L.,0,0
1636,Grigelis L.,0,0
1637,Torebko P.,0,0
1638,Nedelko I.,0,0
1639,Mesaros K.,0,0
1640,Strode B.,0,0
1641,Gomez-Herrera C.,0,0
1642,Trusendi W.,0,0
1643,Meister N.,0,0
1644,Authom M.,0,0
1645,Vasilevski A.,0,0
1646,Davydenko P.,0,0
1647,Desein N.,0,0
1648,Corrie E.,0,0
1649,Reid M.,0,0
1650,Westerhof B.,0,0
1651,Trongcharoenchaikul W.,0,0
1652,Jeong S.Y.,0,0
1653,Nedovyesov O.,0,0
1654,Sekulic M.,0,0
1655,Nedunchezhiyan J.,0,0
1656,Hossam K.,0,0
1657,Struff J-L.,0,0
1658,Artunedo Martinavarro A.,0,0
1659,Ciorcila P.,0,0
1660,Vaisse M.,0,0
1661,Pasha N.,0,0
1662,De Paula F.,0,0
1663,Kohlschreiber P..,0,0
1664,Herbert P-H.,0,0
1665,Quigley E.,0,0
1666,Martin F.,0,0
1667,Vega Hernandez D.,0,0
1668,Gomez A.,0,0
1669,Trevisan M.,0,0
1670,Niki T.,0,0
1671,Anderson O.,0,0
1672,Tearney F.,0,0
1673,Patino L.,0,0
1674,Soderlund C.,0,0
1675,Cacic N.,0,0
1676,De Loore J.,0,0
1677,Yuksel A.,0,0
1678,Luz O.,0,0
1679,Silva F.F.,0,0
1680,Bellotti R.,0,0
1681,Halebian A.,0,0
1682,Leshem E.,0,0
1683,Bega A.,0,0
1684,Chrysochos P.,0,0
1685,Takahashi Y.,0,0
1686,Kadhe A.,0,0
1687,Donski A.,0,0
1688,Hernandez-Fernandez J,0,0
1689,Reinberg E.,0,0
1690,Arevalo M.,0,0
1691,Altamirano C.,0,0
1692,Basso A.,0,0
1693,Kirkin E.,0,0
1694,Moroni G.,0,0
1695,Monteiro J.,0,0
1696,Roumane R.,0,0
1697,Dubrivnyy A.,0,0
1698,Avidzba A.,0,0
1699,Thiem D. ,0,0
1700,Barrios Vera M.T.,0,0
1701,Popko D.,0,0
1702,Nam J.S.,0,0
1703,Aragone J.C.,0,0
1704,Bourchier H.,0,0
1705,Menezes J.,0,0
1706,Tsitsipas P.,0,0
1707,Brancaccio R.,0,0
1708,Bryde T.,0,0
1709,Alvarez Varona N.,0,0
1710,Blumberg W.,0,0
1711,Dutra Da Silva D.,0,0
1712,Poljicak M.,0,0
1713,Galarneau A.,0,0
1714,Pervolarakis M.,0,0
1715,Madaras D.,0,0
1716,Noguchi R.,0,0
1717,Shimizu Y.,0,0
1718,Bailly G.,0,0
1719,Moundir A.,0,0
1720,Wessels L.,0,0
1721,Kumar O.,0,0
1722,Lock B.,0,0
1723,Blanchet U.,0,0
1724,Barranco Cosano J.,0,0
1725,Fanselow S.,0,0
1726,Mikrut L.,0,0
1727,Kasnikowski M.,0,0
1728,Jacquet K.,0,0
1729,Sun F.,0,0
1730,Papamalamis T.,0,0
1731,Habib H.,1,0
1732,Samrej K.,0,0
1733,Rottgering M.,0,0
1734,Trotter J.K.,0,0
1735,Buse I.,1,0
